timestamp,press,temp,gx,gy,gz,ax,ay,az
2206974700,91.46556091308594,35.781494140625,0.007100999820977449,-0.028480999171733856,0.011834999546408653,0.12023899704217911,-1.1216349601745605,-9.503093719482422
2206984700,91.47016906738281,35.781494140625,0.018478000536561012,-0.03229900076985359,0.030923999845981598,0.11724799871444702,-1.0833499431610107,-9.475577354431152
2206994700,91.47016906738281,35.781494140625,0.009468000382184982,-0.021379999816417694,-0.010689999908208847,0.10468500107526779,-1.1192419528961182,-9.521040916442871
2207004700,91.46556091308594,35.781494140625,0.011377000249922276,-0.03138300031423569,0.002747999969869852,0.056829001754522324,-1.1234300136566162,-9.461817741394043
2207014700,91.47450256347656,35.7906494140625,0.010459999553859234,-0.025655999779701233,-0.01107100024819374,0.03290100023150444,-1.098902940750122,-9.442076683044434
2207024700,91.46914672851562,35.77691650390625,0.01572900079190731,-0.01992899924516678,0.0023670000955462456,0.015553000383079052,-1.1144570112228394,-9.505487442016602
2207034700,91.47016906738281,35.781494140625,0.020462999120354652,-0.025655999779701233,-0.0005339999916031957,0.09690900146961212,-1.1012959480285645,-9.486345291137695
2207044700,91.46785736083984,35.781494140625,0.01336199976503849,-0.019471000880002975,0.017179999500513077,0.09631100296974182,-1.1030910015106201,-9.505487442016602
2207054700,91.46324920654297,35.781494140625,0.010459999553859234,-0.02466299943625927,-0.006794999819248915,0.10049799829721451,-1.1024930477142334,-9.503692626953125
2207064700,91.47708892822266,35.781494140625,0.010537000373005867,-0.021379999816417694,0.021990999579429626,0.09930200129747391,-1.1264209747314453,-9.504888534545898
2207074700,91.46785736083984,35.781494140625,0.009544000029563904,-0.028480999171733856,-0.010079000145196915,0.07238200306892395,-1.079761028289795,-9.481558799743652
2207084700,91.47118377685547,35.78607177734375,0.01763799972832203,-0.029015999287366867,0.02718299999833107,0.11724799871444702,-1.1018940210342407,-9.527621269226074
2207094700,91.47016906738281,35.781494140625,0.02710700035095215,-0.032832998782396317,-0.005803000181913376,0.06520400196313858,-1.1168489456176758,-9.492924690246582
2207104700,91.46324920654297,35.781494140625,0.014278000220656395,-0.03184099867939949,0.025808999314904213,0.09631100296974182,-1.1539380550384521,-9.515657424926758
2207114700,91.46785736083984,35.781494140625,0.0222960002720356,-0.03466600179672241,0.011834999546408653,0.12562300264835358,-1.0408769845962524,-9.500701904296875
2207124700,91.46222686767578,35.77691650390625,0.01473699975758791,-0.023747000843286514,0.014201999641954899,-0.0017940000398084521,-1.1246260404586792,-9.468399047851562
2207134700,91.4642562866211,35.78607177734375,0.01565299928188324,-0.03711000084877014,0.00992599967867136,0.10588199645280838,-1.1096709966659546,-9.533004760742188
2207144700,91.46785736083984,35.781494140625,0.011834999546408653,-0.024204999208450317,0.007482999935746193,0.022731000557541847,-1.1060819625854492,-9.475577354431152
2207154700,91.46758270263672,35.7906494140625,0.009085999801754951,-0.03375000134110451,0.023365000262856483,0.03888300061225891,-1.11326003074646,-9.494120597839355
2207164700,91.46656799316406,35.78607177734375,0.02237199991941452,-0.023289000615477562,0.0037410000804811716,0.12741699814796448,-1.0528409481048584,-9.488738059997559
2207174700,91.46453857421875,35.77691650390625,0.006260999944061041,-0.035659000277519226,0.030084999278187752,0.04845400154590607,-1.125223994255066,-9.484550476074219
2207184700,91.47118377685547,35.78607177734375,0.017103999853134155,-0.030848000198602676,-0.0029770000837743282,0.11844400316476822,-1.1018940210342407,-9.530014038085938
2207194700,91.46195983886719,35.78607177734375,0.013744000345468521,-0.03375000134110451,0.013744000345468521,0.03828499838709831,-1.1018940210342407,-9.455836296081543
2207204700,91.47477722167969,35.781494140625,0.00901000015437603,-0.025655999779701233,-0.016875000670552254,0.07537300139665604,-1.1341969966888428,-9.46780014038086
2207214700,91.4734878540039,35.78607177734375,0.018478000536561012,-0.035659000277519226,0.034742001444101334,0.12023899704217911,-1.0618150234222412,-9.519246101379395
2207224700,91.46656799316406,35.78607177734375,0.016110999509692192,-0.035200998187065125,-0.02023399993777275,0.03349899873137474,-1.0803589820861816,-9.476175308227539
2207234700,91.46656799316406,35.78607177734375,0.004275999963283539,-0.04092700034379959,0.041919998824596405,0.05383799970149994,-1.1377869844436646,-9.523432731628418
2207244700,91.46453857421875,35.77691650390625,0.012903999537229538,-0.03138300031423569,0.013819999992847443,0.07238200306892395,-1.1102689504623413,-9.534200668334961
2207254700,91.47274780273438,35.7723388671875,0.009085999801754951,-0.03229900076985359,0.016645999625325203,0.036490000784397125,-1.1198400259017944,-9.492924690246582
2207264700,91.46556091308594,35.781494140625,0.010994999669492245,-0.03184099867939949,0.020997999235987663,0.07417699694633484,-1.1300100088119507,-9.495318412780762
2207274700,91.46887969970703,35.78607177734375,0.012369999662041664,-0.02519799955189228,0.012369999662041664,0.12382800132036209,-1.0971089601516724,-9.424131393432617
2207284700,91.46685028076172,35.77691650390625,0.028099000453948975,-0.02275400049984455,0.011377000249922276,0.06639999896287918,-1.1318049430847168,-9.504290580749512
2207294700,91.47016906738281,35.781494140625,-0.003283000085502863,-0.029015999287366867,0.00572599982842803,0.08733800053596497,-1.124027967453003,-9.491129875183105
2207304700,91.46324920654297,35.781494140625,0.01336199976503849,-0.02993199974298477,0.02000500075519085,0.06759700179100037,-1.116250991821289,-9.474979400634766
2207314700,91.46758270263672,35.7906494140625,0.00572599982842803,-0.033291999250650406,-0.0009919999865815043,0.07417699694633484,-1.1796610355377197,-9.500701904296875
2207324700,91.46785736083984,35.781494140625,0.028557000681757927,-0.029015999287366867,-0.009620999917387962,0.05922200158238411,-1.1258230209350586,-9.519844055175781
2207334700,91.46556091308594,35.781494140625,0.019089000299572945,-0.018478000536561012,0.0023670000955462456,0.06939099729061127,-1.1605180501937866,-9.46241569519043
2207344700,91.47579956054688,35.78607177734375,0.026189999654889107,-0.021838000044226646,-0.01107100024819374,0.11844400316476822,-1.033100962638855,-9.512665748596191
2207354700,91.47118377685547,35.78607177734375,0.01336199976503849,-0.030389999970793724,-0.006260999944061041,0.08853399753570557,-1.0743770599365234,-9.455238342285156
2207364700,91.46556091308594,35.781494140625,0.01626400090754032,-0.03138300031423569,-0.0034360000863671303,0.11904200166463852,-1.0869389772415161,-9.506085395812988
2207374700,91.47477722167969,35.781494140625,0.024281000718474388,-0.030389999970793724,-0.02542700059711933,0.06759700179100037,-1.0863410234451294,-9.489933967590332
2207384700,91.4642562866211,35.78607177734375,0.013819999992847443,-0.037567999213933945,0.02054000087082386,0.07597199827432632,-1.0941179990768433,-9.472585678100586
2207394700,91.46785736083984,35.781494140625,0.012369999662041664,-0.02466299943625927,-0.009162000380456448,0.09272100031375885,-1.104287028312683,-9.494120597839355
2207404700,91.47248077392578,35.781494140625,0.01565299928188324,-0.026114000007510185,0.025655999779701233,0.03230300173163414,-1.112064003944397,-9.491129875183105
2207414700,91.47248077392578,35.781494140625,0.021838000044226646,-0.03848399966955185,0.007023999933153391,0.04546299949288368,-1.098902940750122,-9.503093719482422
2207424700,91.46656799316406,35.78607177734375,0.019547000527381897,-0.02519799955189228,0.031000999733805656,0.062212999910116196,-1.0923229455947876,-9.489336013793945
2207434700,91.4586410522461,35.781494140625,0.030465999618172646,-0.04237800091505051,0.024358000606298447,0.04426699876785278,-1.1012959480285645,-9.535996437072754
2207444700,91.46656799316406,35.78607177734375,0.00419900007545948,-0.035200998187065125,0.010383999906480312,0.056829001754522324,-1.082751989364624,-9.503093719482422
2207454700,91.46887969970703,35.78607177734375,0.021838000044226646,-0.033291999250650406,0.030007999390363693,0.07477500289678574,-1.0743770599365234,-9.500701904296875
2207464700,91.46656799316406,35.78607177734375,0.015270999632775784,-0.03420799970626831,0.0003809999907389283,0.0843459963798523,-1.112064003944397,-9.507880210876465
2207474700,91.4714584350586,35.77691650390625,0.006184000056236982,-0.02466299943625927,0.01763799972832203,0.06460600346326828,-1.0863410234451294,-9.472585678100586
2207484700,91.46785736083984,35.781494140625,0.01763799972832203,-0.021838000044226646,0.021913999691605568,0.10947100073099136,-1.0761710405349731,-9.488738059997559
2207494700,91.4714584350586,35.77691650390625,0.009085999801754951,-0.01802000030875206,-0.008704000152647495,0.07238200306892395,-1.0851449966430664,-9.510870933532715
2207504700,91.46785736083984,35.781494140625,0.010383999906480312,-0.02466299943625927,-0.01259899977594614,0.11724799871444702,-1.11326003074646,-9.479166030883789
2207514700,91.46222686767578,35.77691650390625,0.01336199976503849,-0.02466299943625927,-0.0034360000863671303,0.08075699955224991,-1.080957055091858,-9.503093719482422
2207524700,91.47477722167969,35.781494140625,0.01809599995613098,-0.024204999208450317,0.003283000085502863,0.02691899985074997,-1.0857429504394531,-9.460023880004883
2207534700,91.46887969970703,35.78607177734375,0.0029009999707341194,-0.030389999970793724,-0.010079000145196915,0.11605100333690643,-1.0660020112991333,-9.403194427490234
2207544700,91.46556091308594,35.781494140625,0.02000500075519085,-0.02466299943625927,-0.022066999226808548,0.055633001029491425,-1.0851449966430664,-9.558728218078613
2207554700,91.47118377685547,35.78607177734375,0.007712000049650669,-0.03711000084877014,0.01626400090754032,0.049651000648736954,-1.09471595287323,-9.451648712158203
2207564700,91.46914672851562,35.77691650390625,0.016798000782728195,-0.030465999618172646,0.001984999980777502,0.05144499987363815,-1.0887340307235718,-9.508478164672852
2207574700,91.46685028076172,35.77691650390625,0.004352000076323748,-0.028480999171733856,0.01572900079190731,0.03948099911212921,-1.0863410234451294,-9.504888534545898
2207584700,91.4734878540039,35.78607177734375,0.017179999500513077,-0.03420799970626831,0.026724999770522118,0.03230300173163414,-1.1246260404586792,-9.55812931060791
2207594700,91.47016906738281,35.781494140625,0.011452999897301197,-0.032832998782396317,-0.003894000081345439,0.11006899923086166,-1.1012959480285645,-9.486345291137695
2207604700,91.46785736083984,35.781494140625,0.021913999691605568,-0.03711000084877014,0.035353001207113266,0.10827499628067017,-1.0677969455718994,-9.43489933013916
2207614700,91.46656799316406,35.78607177734375,0.019547000527381897,-0.03420799970626831,0.008551999926567078,0.07477500289678574,-1.1018940210342407,-9.521040916442871
2207624700,91.4734878540039,35.78607177734375,0.008551999926567078,-0.029015999287366867,0.020082000643014908,0.12741699814796448,-1.050449013710022,-9.497711181640625
2207634700,91.46785736083984,35.781494140625,0.023823000490665436,-0.02947399951517582,0.02290700003504753,0.02811500057578087,-1.0941179990768433,-9.511468887329102
2207644700,91.46195983886719,35.78607177734375,-0.0023670000955462456,-0.025120999664068222,0.005191999953240156,0.04606100171804428,-1.0911270380020142,-9.455836296081543
2207654700,91.47118377685547,35.78607177734375,0.016186999157071114,-0.02710700035095215,0.015270999632775784,0.05383799970149994,-1.1228320598602295,-9.496514320373535
2207664700,91.46785736083984,35.781494140625,0.019089000299572945,-0.026572000235319138,-0.0053449999541044235,0.03828499838709831,-1.1389830112457275,-9.481558799743652
2207674700,91.47016906738281,35.781494140625,0.009544000029563904,-0.023747000843286514,0.0022899999748915434,0.1250240057706833,-1.0941179990768433,-9.491728782653809
2207684700,91.46887969970703,35.78607177734375,0.019089000299572945,-0.023289000615477562,0.013819999992847443,0.01016900036484003,-1.1341969966888428,-9.501897811889648
2207694700,91.46656799316406,35.78607177734375,0.017562000080943108,-0.03138300031423569,-0.0011449999874457717,0.14715799689292908,-1.0887340307235718,-9.509077072143555
2207704700,91.46324920654297,35.781494140625,0.008016999810934067,-0.02993199974298477,0.03428399935364723,0.002392000053077936,-1.1090730428695679,-9.506085395812988
2207714700,91.46324920654297,35.781494140625,0.025731999427080154,-0.03229900076985359,-0.025885000824928284,0.10767699778079987,-1.06659996509552,-9.522834777832031
2207724700,91.47118377685547,35.78607177734375,0.0038169999606907368,-0.028023000806570053,0.01191100012511015,0.10947100073099136,-1.1192419528961182,-9.506085395812988
2207734700,91.46914672851562,35.77691650390625,0.014278000220656395,-0.02947399951517582,0.030084999278187752,0.04785599932074547,-1.0785640478134155,-9.501897811889648
2207744700,91.46785736083984,35.781494140625,0.01763799972832203,-0.028023000806570053,0.006184000056236982,0.13399800658226013,-1.0893319845199585,-9.470192909240723
2207754700,91.47016906738281,35.781494140625,0.01802000030875206,-0.03657500073313713,0.01320900022983551,0.10588199645280838,-1.0677969455718994,-9.46899700164795
2207764700,91.46582794189453,35.7723388671875,0.014201999641954899,-0.0275650005787611,0.001297999988310039,0.09272100031375885,-1.1108670234680176,-9.504888534545898
2207774700,91.46556091308594,35.781494140625,0.010994999669492245,-0.028480999171733856,0.01572900079190731,0.10049799829721451,-1.082751989364624,-9.516853332519531
2207784700,91.47248077392578,35.781494140625,0.019089000299572945,-0.021838000044226646,-0.0034360000863671303,0.04905200004577637,-1.1048849821090698,-9.525825500488281
2207794700,91.4734878540039,35.78607177734375,0.008016999810934067,-0.02993199974298477,0.025655999779701233,0.06520400196313858,-1.1018940210342407,-9.509675025939941
2207804700,91.47579956054688,35.78607177734375,0.019013000652194023,-0.028023000806570053,0.0022140000946819782,0.09152500331401825,-1.1048849821090698,-9.460023880004883
2207814700,91.46785736083984,35.781494140625,-0.004734000191092491,-0.04138600081205368,-0.014888999983668327,0.1034889966249466,-1.1288139820098877,-9.507282257080078
2207824700,91.46556091308594,35.781494140625,0.012369999662041664,-0.02038699947297573,-0.0005339999916031957,0.05383799970149994,-1.0701889991760254,-9.538389205932617
2207834700,91.46785736083984,35.781494140625,0.014355000108480453,-0.02275400049984455,-0.004734000191092491,0.10468500107526779,-1.1401790380477905,-9.495916366577148
2207844700,91.46324920654297,35.781494140625,0.010537000373005867,-0.01992899924516678,-0.02680099941790104,0.0831499993801117,-1.035493016242981,-9.54676342010498
2207854700,91.47219848632812,35.7906494140625,7.599999662488699e-05,-0.038026001304388046,0.02244899980723858,0.07597199827432632,-1.0725820064544678,-9.55394172668457
2207864700,91.46785736083984,35.781494140625,0.01473699975758791,-0.028480999171733856,-0.014965999871492386,0.06939099729061127,-1.1371879577636719,-9.43250560760498
2207874700,91.4734878540039,35.78607177734375,0.00901000015437603,-0.032756999135017395,0.03665100038051605,0.07477500289678574,-1.0600199699401855,-9.496514320373535
2207884700,91.47016906738281,35.781494140625,0.010919000022113323,-0.04566200077533722,0.02038699947297573,0.04665999859571457,-1.1222330331802368,-9.458827018737793
2207894700,91.46324920654297,35.781494140625,0.011834999546408653,-0.021838000044226646,0.016110999509692192,0.061615001410245895,-1.1192419528961182,-9.483951568603516
2207904700,91.47118377685547,35.78607177734375,0.012369999662041664,-0.03901800140738487,0.037262000143527985,0.04546299949288368,-1.1048849821090698,-9.46480941772461
2207914700,91.46556091308594,35.781494140625,0.01473699975758791,-0.017026999965310097,-0.006719000171869993,0.04486500099301338,-1.1545360088348389,-9.446863174438477
2207924700,91.47016906738281,35.781494140625,0.02054000087082386,-0.028023000806570053,0.02244899980723858,0.11964099854230881,-1.0803589820861816,-9.54556655883789
2207934700,91.46222686767578,35.77691650390625,0.022830000147223473,-0.02664799988269806,-0.001449999981559813,0.06819500029087067,-1.1054840087890625,-9.492924690246582
2207944700,91.46914672851562,35.77691650390625,0.004275999963283539,-0.030389999970793724,0.006643000058829784,0.07597199827432632,-1.125223994255066,-9.461219787597656
2207954700,91.45993041992188,35.77691650390625,0.0024429999757558107,-0.03138300031423569,0.010002000257372856,0.12083700299263,-1.0648059844970703,-9.522834777832031
2207964700,91.47016906738281,35.781494140625,0.00572599982842803,-0.030389999970793724,0.0028250000905245543,0.07118599861860275,-1.0791620016098022,-9.540781021118164
2207974700,91.4714584350586,35.77691650390625,-0.0023670000955462456,-0.02710700035095215,0.005191999953240156,0.09451600164175034,-1.0761710405349731,-9.465407371520996
2207984700,91.46758270263672,35.7906494140625,0.021913999691605568,-0.023747000843286514,0.001373999984934926,0.102292999625206,-1.1473579406738281,-9.481558799743652
2207994700,91.46988677978516,35.7906494140625,0.017179999500513077,-0.02275400049984455,-0.008704000152647495,0.06879299879074097,-1.1048849821090698,-9.54556655883789
2208004700,91.46887969970703,35.78607177734375,0.02237199991941452,-0.03138300031423569,0.014278000220656395,0.04067699983716011,-1.1114660501480103,-9.507282257080078
2208014700,91.46785736083984,35.781494140625,0.023365000262856483,-0.021379999816417694,0.007559000048786402,0.06879299879074097,-1.116250991821289,-9.473183631896973
2208024700,91.46656799316406,35.78607177734375,0.009085999801754951,-0.021838000044226646,0.0028250000905245543,0.09571199864149094,-1.0857429504394531,-9.476773262023926
2208034700,91.46656799316406,35.78607177734375,0.023823000490665436,-0.03229900076985359,-0.008704000152647495,0.02632099948823452,-1.120439052581787,-9.512665748596191
2208044700,91.47118377685547,35.78607177734375,0.0029009999707341194,-0.03711000084877014,0.01336199976503849,0.07477500289678574,-1.128214955329895,-9.47378158569336
2208054700,91.47118377685547,35.78607177734375,0.010994999669492245,-0.03375000134110451,-7.599999662488699e-05,0.06101600080728531,-1.1156530380249023,-9.491129875183105
2208064700,91.46914672851562,35.77691650390625,0.0024429999757558107,-0.023212000727653503,0.01763799972832203,0.05922200158238411,-1.1186439990997314,-9.519844055175781
2208074700,91.46556091308594,35.781494140625,0.019547000527381897,-0.04039299860596657,0.023900000378489494,0.05443599820137024,-1.0935189723968506,-9.506684303283691
2208084700,91.47016906738281,35.781494140625,0.020921999588608742,-0.03138300031423569,-0.008781000040471554,0.06819500029087067,-1.0977070331573486,-9.543771743774414
2208094700,91.47118377685547,35.78607177734375,0.008016999810934067,-0.03420799970626831,0.026189999654889107,0.07058800011873245,-1.1437690258026123,-9.524629592895508
2208104700,91.47477722167969,35.781494140625,0.010459999553859234,-0.03375000134110451,0.01763799972832203,0.03230300173163414,-1.1186439990997314,-9.515657424926758
2208114700,91.46556091308594,35.781494140625,0.01809599995613098,-0.028480999171733856,0.006643000058829784,0.03409700095653534,-1.128214955329895,-9.482754707336426
2208124700,91.47248077392578,35.781494140625,0.030007999390363693,-0.030923999845981598,0.015270999632775784,0.06101600080728531,-1.1180460453033447,-9.474381446838379
2208134700,91.46785736083984,35.781494140625,-0.001373999984934926,-0.026114000007510185,-0.007712000049650669,0.06639999896287918,-1.0995010137557983,-9.503692626953125
2208144700,91.46453857421875,35.77691650390625,0.0023670000955462456,-0.028023000806570053,0.015194999985396862,0.05204299837350845,-1.0767699480056763,-9.513861656188965
2208154700,91.46887969970703,35.78607177734375,0.026572000235319138,-0.01802000030875206,-0.01259899977594614,0.04725800082087517,-1.1096709966659546,-9.488139152526855
2208164700,91.46656799316406,35.78607177734375,0.015270999632775784,-0.023747000843286514,-0.01107100024819374,0.07357899844646454,-1.1222330331802368,-9.516255378723145
2208174700,91.47118377685547,35.78607177734375,0.0038169999606907368,-0.029015999287366867,0.014278000220656395,0.09810499846935272,-1.0863410234451294,-9.498309135437012
2208184700,91.46887969970703,35.78607177734375,0.011452999897301197,-0.023747000843286514,-0.012980000115931034,0.06819500029087067,-1.0899300575256348,-9.510870933532715
2208194700,91.47248077392578,35.781494140625,0.019547000527381897,-0.032832998782396317,0.020997999235987663,0.07776600122451782,-1.1156530380249023,-9.494120597839355
2208204700,91.47477722167969,35.781494140625,0.006719000171869993,-0.032832998782396317,0.017179999500513077,0.08075699955224991,-1.0953140258789062,-9.491129875183105
2208214700,91.46914672851562,35.77691650390625,0.013896999880671501,-0.020921999588608742,0.010537000373005867,0.11724799871444702,-1.09471595287323,-9.522236824035645
2208224700,91.47219848632812,35.7906494140625,0.016721999272704124,-0.03428399935364723,0.02015800029039383,0.07298099994659424,-1.125223994255066,-9.498907089233398
2208234700,91.47653198242188,35.7998046875,0.022830000147223473,-0.02710700035095215,0.0038169999606907368,0.055633001029491425,-1.06659996509552,-9.508478164672852
2208244700,91.47016906738281,35.781494140625,0.011452999897301197,-0.03420799970626831,0.021913999691605568,0.07058800011873245,-1.0785640478134155,-9.534798622131348
2208254700,91.46556091308594,35.781494140625,0.013819999992847443,-0.028480999171733856,-0.0024429999757558107,0.09032899886369705,-1.1222330331802368,-9.548558235168457
2208264700,91.46527862548828,35.7906494140625,0.014278000220656395,-0.02993199974298477,0.024358000606298447,0.08614099770784378,-1.0851449966430664,-9.520442008972168
2208274700,91.46324920654297,35.781494140625,0.02000500075519085,-0.03420799970626831,0.012369999662041664,0.056829001754522324,-1.0977070331573486,-9.484550476074219
2208284700,91.4714584350586,35.77691650390625,0.006260999944061041,-0.030848000198602676,0.00572599982842803,0.10707800090312958,-1.0983049869537354,-9.46062183380127
2208294700,91.4734878540039,35.78607177734375,0.004809999838471413,-0.035200998187065125,-0.008170000277459621,0.09152500331401825,-1.079761028289795,-9.489933967590332
2208304700,91.46785736083984,35.781494140625,0.019547000527381897,-0.032832998782396317,-0.007712000049650669,0.08614099770784378,-1.1222330331802368,-9.472585678100586
2208314700,91.47016906738281,35.781494140625,0.012903999537229538,-0.0275650005787611,-0.0053449999541044235,0.025722000747919083,-1.1096709966659546,-9.482754707336426
2208324700,91.46556091308594,35.781494140625,0.020997999235987663,-0.028557000681757927,0.006643000058829784,0.050248999148607254,-1.0594220161437988,-9.528219223022461
2208334700,91.46556091308594,35.781494140625,0.014659999869763851,-0.039935000240802765,-0.008781000040471554,0.03409700095653534,-1.0821540355682373,-9.46062183380127
2208344700,91.47219848632812,35.7906494140625,0.01802000030875206,-0.028480999171733856,0.024281000718474388,0.09989999979734421,-1.082751989364624,-9.45942497253418
2208354700,91.46914672851562,35.77691650390625,0.021379999816417694,-0.03375000134110451,0.01802000030875206,0.04546299949288368,-1.0977070331573486,-9.519246101379395
2208364700,91.46222686767578,35.77691650390625,0.003283000085502863,-0.0275650005787611,0.00939099956303835,0.0628110021352768,-1.1126619577407837,-9.486345291137695
2208374700,91.47219848632812,35.7906494140625,0.016645999625325203,-0.03901800140738487,0.030542999505996704,0.07118599861860275,-1.1096709966659546,-9.509675025939941
2208384700,91.47219848632812,35.7906494140625,0.021455999463796616,-0.026114000007510185,-0.009620999917387962,0.09152500331401825,-1.115054965019226,-9.484550476074219
2208394700,91.46685028076172,35.77691650390625,0.00572599982842803,-0.03420799970626831,0.01763799972832203,0.07058800011873245,-1.1078760623931885,-9.497711181640625
2208404700,91.46656799316406,35.78607177734375,0.015270999632775784,-0.02993199974298477,-0.021151000633835793,0.08075699955224991,-1.06659996509552,-9.498309135437012
2208414700,91.46656799316406,35.78607177734375,0.016645999625325203,-0.024204999208450317,0.01336199976503849,0.0831499993801117,-1.1108670234680176,-9.488139152526855
2208424700,91.47118377685547,35.78607177734375,0.013819999992847443,-0.03665100038051605,0.004734000191092491,0.10049799829721451,-1.1126619577407837,-9.527023315429688
2208434700,91.4734878540039,35.78607177734375,0.004275999963283539,-0.025655999779701233,0.008093000389635563,0.09451600164175034,-1.0887340307235718,-9.506684303283691
2208444700,91.47118377685547,35.78607177734375,0.023365000262856483,-0.023289000615477562,-7.599999662488699e-05,0.06639999896287918,-1.0881359577178955,-9.534798622131348
2208454700,91.47606658935547,35.77691650390625,0.010079000145196915,-0.032832998782396317,0.005268000066280365,0.06939099729061127,-1.1108670234680176,-9.516255378723145
2208464700,91.46324920654297,35.781494140625,0.010079000145196915,-0.03237500041723251,0.009620999917387962,0.09571199864149094,-1.1144570112228394,-9.503692626953125
2208474700,91.46914672851562,35.77691650390625,0.025655999779701233,-0.019471000880002975,-0.0030539999715983868,0.07178399711847305,-1.0815550088882446,-9.479763984680176
2208484700,91.46656799316406,35.78607177734375,0.015194999985396862,-0.019471000880002975,-0.012140000239014626,0.08973000198602676,-1.1060819625854492,-9.501299858093262
2208494700,91.47321319580078,35.79522705078125,0.016186999157071114,-0.02466299943625927,0.014278000220656395,0.0831499993801117,-1.104287028312683,-9.517451286315918
2208504700,91.47016906738281,35.781494140625,0.023365000262856483,-0.037567999213933945,-0.008704000152647495,0.05862399935722351,-1.1389830112457275,-9.519246101379395
2208514700,91.46887969970703,35.78607177734375,0.016568999737501144,-0.030923999845981598,0.021379999816417694,0.06999000161886215,-1.0965100526809692,-9.494120597839355
2208524700,91.46914672851562,35.77691650390625,0.016645999625325203,-0.033291999250650406,0.007482999935746193,0.04905200004577637,-1.144366979598999,-9.489336013793945
2208534700,91.47118377685547,35.78607177734375,0.004809999838471413,-0.034742001444101334,0.020082000643014908,0.08973000198602676,-1.100100040435791,-9.527023315429688
2208544700,91.47118377685547,35.78607177734375,0.010459999553859234,-0.03375000134110451,0.00901000015437603,0.10707800090312958,-1.11326003074646,-9.522236824035645
2208554700,91.46758270263672,35.7906494140625,0.010537000373005867,-0.030923999845981598,0.015270999632775784,0.049651000648736954,-1.1114660501480103,-9.512067794799805
2208564700,91.46988677978516,35.7906494140625,0.01336199976503849,-0.03138300031423569,0.012369999662041664,0.05862399935722351,-1.0923229455947876,-9.512067794799805
2208574700,91.46556091308594,35.781494140625,0.010994999669492245,-0.02519799955189228,0.008551999926567078,0.07417699694633484,-1.115054965019226,-9.55095100402832
2208584700,91.46785736083984,35.781494140625,0.01191100012511015,-0.03665100038051605,0.02290700003504753,0.030508000403642654,-1.124027967453003,-9.537790298461914
2208594700,91.47118377685547,35.78607177734375,0.012903999537229538,-0.028480999171733856,0.008093000389635563,0.07058800011873245,-1.0881359577178955,-9.498907089233398
2208604700,91.4734878540039,35.78607177734375,0.01336199976503849,-0.02993199974298477,0.001373999984934926,0.11305999755859375,-1.1066800355911255,-9.4660062789917
2208614700,91.46785736083984,35.781494140625,0.01763799972832203,-0.02519799955189228,0.007100999820977449,0.09451600164175034,-1.1006979942321777,-9.492326736450195
2208624700,91.46656799316406,35.78607177734375,0.030084999278187752,-0.021379999816417694,-0.004734000191092491,0.09750699996948242,-1.1036889553070068,-9.479166030883789
2208634700,91.47118377685547,35.78607177734375,0.021074000746011734,-0.025655999779701233,-0.0038169999606907368,0.1028909981250763,-1.1228320598602295,-9.501299858093262
2208644700,91.47118377685547,35.78607177734375,0.013819999992847443,-0.032832998782396317,0.013286000117659569,0.09272100031375885,-1.079761028289795,-9.493522644042969
2208654700,91.47016906738281,35.781494140625,0.009085999801754951,-0.026572000235319138,-7.599999662488699e-05,0.07178399711847305,-1.1024930477142334,-9.487541198730469
2208664700,91.46887969970703,35.78607177734375,0.019013000652194023,-0.03229900076985359,0.010383999906480312,0.09690900146961212,-1.1060819625854492,-9.500701904296875
2208674700,91.46887969970703,35.78607177734375,0.023289000615477562,-0.0275650005787611,-0.002595999976620078,0.04067699983716011,-1.0935189723968506,-9.489933967590332
2208684700,91.46887969970703,35.78607177734375,0.008627999573946,-0.03711000084877014,0.010919000022113323,0.061615001410245895,-1.1389830112457275,-9.4719877243042
2208694700,91.46656799316406,35.78607177734375,0.01244600024074316,-0.03665100038051605,0.006643000058829784,0.08793599903583527,-1.112064003944397,-9.514459609985352
2208704700,91.47248077392578,35.781494140625,0.0038169999606907368,-0.03229900076985359,0.016186999157071114,0.05922200158238411,-1.1174479722976685,-9.501897811889648
2208714700,91.46685028076172,35.77691650390625,0.010994999669492245,-0.028023000806570053,0.025808999314904213,0.07118599861860275,-1.1174479722976685,-9.495916366577148
2208724700,91.47118377685547,35.78607177734375,0.014813000336289406,-0.028023000806570053,0.007559000048786402,0.0634090006351471,-1.1330009698867798,-9.506085395812988
2208734700,91.46656799316406,35.78607177734375,0.01572900079190731,-0.029015999287366867,0.01763799972832203,0.05144499987363815,-1.1138579845428467,-9.506085395812988
2208744700,91.46250915527344,35.76776123046875,0.022982999682426453,-0.0275650005787611,-0.008551999926567078,0.07896299660205841,-1.083948016166687,-9.480362892150879
2208754700,91.46785736083984,35.781494140625,0.014430999755859375,-0.0275650005787611,0.013438999652862549,0.06101600080728531,-1.1174479722976685,-9.525825500488281
2208764700,91.46785736083984,35.781494140625,0.010002000257372856,-0.03138300031423569,0.021455999463796616,0.04905200004577637,-1.1012959480285645,-9.504888534545898
2208774700,91.47118377685547,35.78607177734375,0.017179999500513077,-0.024204999208450317,-0.0005339999916031957,0.043069999665021896,-1.1066800355911255,-9.465407371520996
2208784700,91.47016906738281,35.781494140625,0.009085999801754951,-0.03229900076985359,-0.007253000047057867,0.04426699876785278,-1.1186439990997314,-9.466604232788086
2208794700,91.47016906738281,35.781494140625,0.009085999801754951,-0.028480999171733856,0.003283000085502863,0.08614099770784378,-1.0929210186004639,-9.483951568603516
2208804700,91.46324920654297,35.781494140625,0.0038169999606907368,-0.02038699947297573,-0.021609000861644745,0.05084700137376785,-1.1072779893875122,-9.454042434692383
2208814700,91.46453857421875,35.77691650390625,0.009544000029563904,-0.035200998187065125,0.03199300169944763,0.09391800314188004,-1.1222330331802368,-9.479763984680176
2208824700,91.46785736083984,35.781494140625,0.014278000220656395,-0.03184099867939949,-0.0005339999916031957,0.041873998939991,-1.1186439990997314,-9.503093719482422
2208834700,91.46656799316406,35.78607177734375,0.011452999897301197,-0.028480999171733856,0.030542999505996704,0.09810499846935272,-1.0965100526809692,-9.509675025939941
2208844700,91.46887969970703,35.78607177734375,0.01191100012511015,-0.03375000134110451,0.025273999199271202,0.0634090006351471,-1.1066800355911255,-9.471389770507812
2208854700,91.4734878540039,35.78607177734375,0.012903999537229538,-0.028480999171733856,0.007100999820977449,0.057427000254392624,-1.104287028312683,-9.485746383666992
2208864700,91.47219848632812,35.7906494140625,0.009085999801754951,-0.0437530018389225,0.034894999116659164,0.0843459963798523,-1.1318049430847168,-9.531209945678711
2208874700,91.4734878540039,35.78607177734375,0.0038169999606907368,-0.03375000134110451,-0.007253000047057867,0.06460600346326828,-1.0923229455947876,-9.477970123291016
2208884700,91.46685028076172,35.77691650390625,0.024281000718474388,-0.03229900076985359,0.029092000797390938,0.0843459963798523,-1.1431699991226196,-9.509675025939941
2208894700,91.46556091308594,35.781494140625,0.02054000087082386,-0.034742001444101334,0.014813000336289406,0.07896299660205841,-1.0857429504394531,-9.507880210876465
2208904700,91.46685028076172,35.77691650390625,0.008627999573946,-0.028480999171733856,0.003283000085502863,0.08554299920797348,-1.1036889553070068,-9.475577354431152
2208914700,91.46556091308594,35.781494140625,0.010002000257372856,-0.02466299943625927,0.0248160008341074,0.06759700179100037,-1.1066800355911255,-9.516255378723145
2208924700,91.47118377685547,35.78607177734375,0.004352000076323748,-0.025655999779701233,-0.001984999980777502,0.018543999642133713,-1.1186439990997314,-9.498309135437012
2208934700,91.46556091308594,35.781494140625,0.010994999669492245,-0.02519799955189228,-0.0005339999916031957,0.0209369994699955,-1.104287028312683,-9.489336013793945
2208944700,91.46324920654297,35.781494140625,0.020462999120354652,-0.03901800140738487,0.005191999953240156,0.03888300061225891,-1.1180460453033447,-9.46062183380127
2208954700,91.4609375,35.781494140625,0.01763799972832203,-0.025655999779701233,-0.0053449999541044235,0.04486500099301338,-1.1054840087890625,-9.479763984680176
2208964700,91.47477722167969,35.781494140625,0.013819999992847443,-0.025655999779701233,-0.0053449999541044235,0.07178399711847305,-1.0875370502471924,-9.497711181640625
2208974700,91.46656799316406,35.78607177734375,0.0019079999765381217,-0.028557000681757927,0.0037410000804811716,0.08853399753570557,-1.100100040435791,-9.474979400634766
2208984700,91.46324920654297,35.781494140625,0.006184000056236982,-0.025655999779701233,-0.0029009999707341194,0.09750699996948242,-1.0875370502471924,-9.534200668334961
2208994700,91.46887969970703,35.78607177734375,0.013819999992847443,-0.03184099867939949,0.004734000191092491,0.06520400196313858,-1.1126619577407837,-9.507880210876465
2209004700,91.46785736083984,35.781494140625,0.007176999934017658,-0.026114000007510185,-0.01779099926352501,0.09930200129747391,-1.1066800355911255,-9.495916366577148
2209014700,91.47016906738281,35.781494140625,0.012903999537229538,-0.03375000134110451,0.02916800044476986,0.08913200348615646,-1.0677969455718994,-9.533004760742188
2209024700,91.4714584350586,35.77691650390625,0.020997999235987663,-0.025655999779701233,-0.012521999888122082,0.10827499628067017,-1.1192419528961182,-9.489336013793945
2209034700,91.46785736083984,35.781494140625,0.01336199976503849,-0.034742001444101334,0.03680400177836418,0.10648000240325928,-1.1012959480285645,-9.481558799743652
2209044700,91.47248077392578,35.781494140625,0.021455999463796616,-0.035659000277519226,0.012827999889850616,0.11126600205898285,-1.082751989364624,-9.47378158569336
2209054700,91.46887969970703,35.78607177734375,0.017255999147892,-0.02993199974298477,0.0225249994546175,0.10827499628067017,-1.104287028312683,-9.476773262023926
2209064700,91.46453857421875,35.77691650390625,0.02916800044476986,-0.03138300031423569,0.031153999269008636,0.06819500029087067,-1.120439052581787,-9.498309135437012
2209074700,91.46887969970703,35.78607177734375,0.025273999199271202,-0.026572000235319138,-0.014430999755859375,0.06520400196313858,-1.098902940750122,-9.495318412780762
2209084700,91.46685028076172,35.77691650390625,0.012827999889850616,-0.024204999208450317,0.003283000085502863,0.08494500070810318,-1.120439052581787,-9.484550476074219
2209094700,91.46887969970703,35.78607177734375,0.0023670000955462456,-0.032832998782396317,-0.011682000011205673,0.10707800090312958,-1.0821540355682373,-9.486345291137695
2209104700,91.4714584350586,35.77691650390625,0.01802000030875206,-0.021302999928593636,0.00030499999411404133,0.10707800090312958,-1.1060819625854492,-9.505487442016602
2209114700,91.46785736083984,35.781494140625,0.02237199991941452,-0.03375000134110451,0.014278000220656395,0.056829001754522324,-1.112064003944397,-9.507880210876465
2209124700,91.46785736083984,35.781494140625,0.014355000108480453,-0.0275650005787611,-0.009162000380456448,0.09571199864149094,-1.0923229455947876,-9.530611991882324
2209134700,91.47248077392578,35.781494140625,0.02947399951517582,-0.02466299943625927,-0.0197759997099638,0.07776600122451782,-1.1168489456176758,-9.495916366577148
2209144700,91.46324920654297,35.781494140625,0.00901000015437603,-0.03420799970626831,0.007482999935746193,0.06400799751281738,-1.1084749698638916,-9.505487442016602
2209154700,91.46527862548828,35.7906494140625,0.016721999272704124,-0.02519799955189228,-0.021074000746011734,0.05204299837350845,-1.1024930477142334,-9.484550476074219
2209164700,91.47016906738281,35.781494140625,0.008627999573946,-0.025655999779701233,0.028176000341773033,0.08135499805212021,-1.0875370502471924,-9.513861656188965
2209174700,91.46656799316406,35.78607177734375,0.02237199991941452,-0.03375000134110451,-0.0029009999707341194,0.06879299879074097,-1.082751989364624,-9.487541198730469
2209184700,91.47551727294922,35.79522705078125,0.011452999897301197,-0.032756999135017395,0.025273999199271202,0.06520400196313858,-1.1156530380249023,-9.483951568603516
2209194700,91.47016906738281,35.781494140625,0.008627999573946,-0.033291999250650406,0.010919000022113323,0.07896299660205841,-1.1168489456176758,-9.494720458984375
2209204700,91.47016906738281,35.781494140625,0.012369999662041664,-0.0275650005787611,0.023365000262856483,0.06759700179100037,-1.1114660501480103,-9.502495765686035
2209214700,91.47450256347656,35.7906494140625,0.021455999463796616,-0.02993199974298477,0.02054000087082386,0.04845400154590607,-1.0935189723968506,-9.480362892150879
2209224700,91.46324920654297,35.781494140625,0.018631000071763992,-0.028480999171733856,-0.001984999980777502,0.04665999859571457,-1.1030910015106201,-9.482754707336426
2209234700,91.46887969970703,35.78607177734375,0.020462999120354652,-0.026114000007510185,0.02916800044476986,0.08614099770784378,-1.1036889553070068,-9.508478164672852
2209244700,91.46887969970703,35.78607177734375,0.016186999157071114,-0.030923999845981598,0.026724999770522118,0.037686001509428024,-1.0899300575256348,-9.476773262023926
2209254700,91.4734878540039,35.78607177734375,0.009085999801754951,-0.020921999588608742,-0.01107100024819374,0.06639999896287918,-1.1030910015106201,-9.491728782653809
2209264700,91.46785736083984,35.781494140625,0.008627999573946,-0.0275650005787611,0.010459999553859234,0.07477500289678574,-1.1156530380249023,-9.509675025939941
2209274700,91.46685028076172,35.77691650390625,0.01336199976503849,-0.02038699947297573,-0.012980000115931034,0.07477500289678574,-1.115054965019226,-9.463014602661133
2209284700,91.46324920654297,35.781494140625,0.007176999934017658,-0.015194999985396862,-0.019164999946951866,0.037686001509428024,-1.0600199699401855,-9.491129875183105
2209294700,91.4734878540039,35.78607177734375,0.01336199976503849,-0.03184099867939949,0.0056500001810491085,0.07238200306892395,-1.0971089601516724,-9.504888534545898
2209304700,91.46785736083984,35.781494140625,0.018554000183939934,-0.02519799955189228,-0.0053449999541044235,0.08913200348615646,-1.1006979942321777,-9.494720458984375
2209314700,91.46785736083984,35.781494140625,0.009085999801754951,-0.030389999970793724,0.026266999542713165,0.043069999665021896,-1.0779659748077393,-9.519844055175781
2209324700,91.46453857421875,35.77691650390625,0.005268000066280365,-0.033291999250650406,0.0056500001810491085,0.05324000120162964,-1.0863410234451294,-9.485746383666992
2209334700,91.46887969970703,35.78607177734375,0.009544000029563904,-0.035659000277519226,0.02718299999833107,0.083747997879982,-1.1048849821090698,-9.496514320373535
2209344700,91.4609375,35.781494140625,0.023823000490665436,-0.034742001444101334,0.029092000797390938,0.01435600034892559,-1.1126619577407837,-9.521040916442871
2209354700,91.46453857421875,35.77691650390625,0.005268000066280365,-0.02519799955189228,0.014278000220656395,0.09930200129747391,-1.0713859796524048,-9.491129875183105
2209364700,91.4734878540039,35.78607177734375,0.025731999427080154,-0.038026001304388046,0.02916800044476986,0.05264199897646904,-1.1078760623931885,-9.506684303283691
2209374700,91.47118377685547,35.78607177734375,0.01473699975758791,-0.029015999287366867,-0.016798000782728195,0.08135499805212021,-1.1228320598602295,-9.500701904296875
2209384700,91.46324920654297,35.781494140625,0.008093000389635563,-0.013744000345468521,0.004734000191092491,0.06879299879074097,-1.1102689504623413,-9.521040916442871
2209394700,91.46887969970703,35.78607177734375,0.015270999632775784,-0.034742001444101334,0.012827999889850616,0.14655999839305878,-1.0564310550689697,-9.453442573547363
2209404700,91.47450256347656,35.7906494140625,0.009544000029563904,-0.02519799955189228,-0.006260999944061041,0.07058800011873245,-1.116250991821289,-9.475577354431152
2209414700,91.47477722167969,35.781494140625,0.01336199976503849,-0.023747000843286514,-0.0024429999757558107,0.05383799970149994,-1.0779659748077393,-9.531209945678711
2209424700,91.46887969970703,35.78607177734375,0.014278000220656395,-0.023747000843286514,-0.008170000277459621,0.07896299660205841,-1.1174479722976685,-9.484550476074219
2209434700,91.47118377685547,35.78607177734375,0.017179999500513077,-0.024204999208450317,-0.0048859999515116215,0.11605100333690643,-1.0677969455718994,-9.461817741394043
2209444700,91.46556091308594,35.781494140625,0.009085999801754951,-0.030389999970793724,0.007559000048786402,0.07417699694633484,-1.0743770599365234,-9.525825500488281
2209454700,91.4734878540039,35.78607177734375,0.01763799972832203,-0.021838000044226646,0.0018319999799132347,0.09212300181388855,-1.050449013710022,-9.503093719482422
2209464700,91.46556091308594,35.781494140625,0.009085999801754951,-0.034742001444101334,-0.0005339999916031957,0.03469499945640564,-1.1246260404586792,-9.511468887329102
2209474700,91.4586410522461,35.781494140625,0.01191100012511015,-0.01802000030875206,-0.0009919999865815043,0.04665999859571457,-1.0911270380020142,-9.492924690246582
2209484700,91.47579956054688,35.78607177734375,0.013819999992847443,-0.028023000806570053,0.0037410000804811716,0.09690900146961212,-1.1180460453033447,-9.501897811889648
2209494700,91.46222686767578,35.77691650390625,0.0248160008341074,-0.02519799955189228,0.012369999662041664,0.0825520008802414,-1.0971089601516724,-9.486345291137695
2209504700,91.46785736083984,35.781494140625,0.010613000020384789,-0.023747000843286514,-0.0023670000955462456,0.10648000240325928,-1.0995010137557983,-9.478568077087402
2209514700,91.46785736083984,35.781494140625,0.02489200048148632,-0.028023000806570053,-0.001373999984934926,0.09451600164175034,-1.1108670234680176,-9.513861656188965
2209524700,91.47016906738281,35.781494140625,0.01763799972832203,-0.02519799955189228,-0.0029009999707341194,0.06939099729061127,-1.1168489456176758,-9.498309135437012
2209534700,91.46453857421875,35.77691650390625,0.014813000336289406,-0.01992899924516678,-0.0034360000863671303,0.07058800011873245,-1.1114660501480103,-9.521040916442871
2209544700,91.47940063476562,35.781494140625,0.017179999500513077,-0.021838000044226646,0.007100999820977449,0.0831499993801117,-1.100100040435791,-9.498309135437012
2209554700,91.46887969970703,35.78607177734375,0.02000500075519085,-0.02466299943625927,-0.01107100024819374,0.07477500289678574,-1.0941179990768433,-9.510870933532715
2209564700,91.46785736083984,35.781494140625,0.009162000380456448,-0.028480999171733856,-0.010459999553859234,0.11186400055885315,-1.1012959480285645,-9.437292098999023
2209574700,91.46785736083984,35.781494140625,0.019089000299572945,-0.028023000806570053,0.005191999953240156,0.09930200129747391,-1.1024930477142334,-9.515657424926758
2209584700,91.47016906738281,35.781494140625,0.009544000029563904,-0.01992899924516678,-0.006260999944061041,0.07058800011873245,-1.0869389772415161,-9.476773262023926
2209594700,91.46582794189453,35.7723388671875,0.0029770000837743282,-0.025655999779701233,0.0053449999541044235,0.04366900026798248,-1.0929210186004639,-9.540781021118164
2209604700,91.4642562866211,35.78607177734375,0.008704000152647495,-0.026114000007510185,0.008170000277459621,0.06939099729061127,-1.0857429504394531,-9.494720458984375
2209614700,91.4609375,35.781494140625,0.005268000066280365,-0.017562000080943108,-0.004809999838471413,0.043069999665021896,-1.1431699991226196,-9.476773262023926
2209624700,91.46556091308594,35.781494140625,0.006719000171869993,-0.018936000764369965,0.001373999984934926,0.10648000240325928,-1.0582250356674194,-9.509077072143555
2209634700,91.46324920654297,35.781494140625,0.01809599995613098,-0.016568999737501144,-0.0009919999865815043,-0.000598000013269484,-1.1126619577407837,-9.519246101379395
2209644700,91.46887969970703,35.78607177734375,0.020997999235987663,-0.028023000806570053,-0.010079000145196915,0.07118599861860275,-1.11326003074646,-9.485746383666992
2209654700,91.46758270263672,35.7906494140625,0.013438999652862549,-0.021838000044226646,0.003894000081345439,0.058024998754262924,-1.1802589893341064,-9.480362892150879
2209664700,91.47248077392578,35.781494140625,0.01580600067973137,-0.028557000681757927,-0.004275999963283539,0.055633001029491425,-1.0438679456710815,-9.495318412780762
2209674700,91.46887969970703,35.78607177734375,0.01336199976503849,-0.023747000843286514,0.0018319999799132347,0.06639999896287918,-1.0773680210113525,-9.509675025939941
2209684700,91.46556091308594,35.781494140625,0.01336199976503849,-0.028023000806570053,0.001373999984934926,0.10588199645280838,-1.0348949432373047,-9.522236824035645
2209694700,91.46785736083984,35.781494140625,0.016721999272704124,-0.0275650005787611,0.0037410000804811716,0.06101600080728531,-1.0277169942855835,-9.486943244934082
2209704700,91.46222686767578,35.77691650390625,0.010994999669492245,-0.03229900076985359,0.0004579999949783087,0.05862399935722351,-1.0821540355682373,-9.534798622131348
2209714700,91.46988677978516,35.7906494140625,0.011528999544680119,-0.021838000044226646,-0.0009159999899566174,0.061615001410245895,-1.1234300136566162,-9.468399047851562
2209724700,91.47118377685547,35.78607177734375,0.017255999147892,-0.029015999287366867,0.0009919999865815043,0.08973000198602676,-1.1018940210342407,-9.492326736450195
2209734700,91.4609375,35.781494140625,0.019547000527381897,-0.030923999845981598,0.001373999984934926,0.083747997879982,-1.1186439990997314,-9.52941608428955
2209744700,91.46527862548828,35.7906494140625,0.0019079999765381217,-0.026114000007510185,0.0003809999907389283,0.036490000784397125,-1.0881359577178955,-9.493522644042969
2209754700,91.46222686767578,35.77691650390625,-0.0023670000955462456,-0.028023000806570053,0.0023670000955462456,0.16869300603866577,-1.0767699480056763,-9.54975414276123
2209764700,91.46914672851562,35.77691650390625,0.008627999573946,-0.03229900076985359,-0.007253000047057867,0.11305999755859375,-1.0313060283660889,-9.55633544921875
2209774700,91.47016906738281,35.781494140625,0.019013000652194023,-0.017562000080943108,-0.0015269999857991934,0.07956100255250931,-1.133599042892456,-9.439085960388184
2209784700,91.46887969970703,35.78607177734375,0.021455999463796616,-0.03229900076985359,-0.01534700021147728,0.08135499805212021,-1.1060819625854492,-9.455836296081543
2209794700,91.46785736083984,35.781494140625,0.014278000220656395,-0.021379999816417694,-0.006794999819248915,0.036490000784397125,-1.125223994255066,-9.512665748596191
2209804700,91.46785736083984,35.781494140625,0.005268000066280365,-0.026114000007510185,0.0056500001810491085,0.02691899985074997,-1.1581259965896606,-9.431907653808594
2209814700,91.47016906738281,35.781494140625,0.006643000058829784,-0.02275400049984455,-0.0068720001727342606,0.04845400154590607,-1.1533399820327759,-9.57667350769043
2209824700,91.4642562866211,35.78607177734375,0.019013000652194023,-0.023747000843286514,0.006566000171005726,0.1016940027475357,-1.063609004020691,-9.543771743774414
2209834700,91.46887969970703,35.78607177734375,0.01809599995613098,-0.023747000843286514,-7.599999662488699e-05,0.11365900188684464,-1.0606180429458618,-9.431309700012207
2209844700,91.4642562866211,35.78607177734375,0.013819999992847443,-0.02947399951517582,-0.0034360000863671303,0.06041799858212471,-1.1515450477600098,-9.45643424987793
2209854700,91.46527862548828,35.7906494140625,0.017179999500513077,-0.0275650005787611,0.006643000058829784,0.07417699694633484,-1.120439052581787,-9.47079086303711
2209864700,91.46785736083984,35.781494140625,0.006184000056236982,-0.03184099867939949,-7.599999662488699e-05,0.07956100255250931,-1.172482967376709,-9.484550476074219
2209874700,91.46353149414062,35.7723388671875,0.01809599995613098,-0.0275650005787611,0.007100999820977449,0.10109599679708481,-1.1198400259017944,-9.484550476074219
2209884700,91.476806640625,35.7906494140625,0.014355000108480453,-0.02947399951517582,0.01191100012511015,0.058024998754262924,-1.1365900039672852,-9.46480941772461
2209894700,91.4681396484375,35.7723388671875,0.009468000382184982,-0.025120999664068222,-0.006413999944925308,0.05383799970149994,-1.0420739650726318,-9.479763984680176
2209904700,91.46887969970703,35.78607177734375,0.01802000030875206,-0.017562000080943108,-0.005421000067144632,0.06580200046300888,-1.0660020112991333,-9.512067794799805
2209914700,91.46785736083984,35.781494140625,0.017103999853134155,-0.01992899924516678,-0.005803000181913376,0.05144499987363815,-1.0935189723968506,-9.486943244934082
2209924700,91.46887969970703,35.78607177734375,0.017179999500513077,-0.030923999845981598,-0.0009919999865815043,0.11485499888658524,-1.0528409481048584,-9.493522644042969
2209934700,91.4734878540039,35.78607177734375,0.020997999235987663,-0.030923999845981598,-0.004352000076323748,0.05862399935722351,-1.1419739723205566,-9.451648712158203
2209944700,91.46324920654297,35.781494140625,0.011988000012934208,-0.023747000843286514,-0.0028250000905245543,0.03469499945640564,-1.0630110502243042,-9.520442008972168
2209954700,91.46785736083984,35.781494140625,0.012980000115931034,-0.030465999618172646,-0.0023670000955462456,0.07118599861860275,-1.1036889553070068,-9.535996437072754
2209964700,91.4642562866211,35.78607177734375,0.017179999500513077,-0.02275400049984455,-0.0053449999541044235,0.09391800314188004,-1.1192419528961182,-9.491728782653809
2209974700,91.46758270263672,35.7906494140625,0.010994999669492245,-0.02710700035095215,0.003283000085502863,0.11006899923086166,-1.1330009698867798,-9.517451286315918
2209984700,91.46556091308594,35.781494140625,0.011452999897301197,-0.026572000235319138,-0.0034360000863671303,0.08913200348615646,-1.1048849821090698,-9.497711181640625
2209994700,91.47118377685547,35.78607177734375,0.013819999992847443,-0.032832998782396317,-0.008704000152647495,0.06460600346326828,-1.098902940750122,-9.497711181640625
2210004700,91.47219848632812,35.7906494140625,0.012369999662041664,-0.029015999287366867,-0.0029770000837743282,0.09511400014162064,-1.070788025856018,-9.474979400634766
2210014700,91.46887969970703,35.78607177734375,0.023823000490665436,-0.017562000080943108,0.004275999963283539,0.1028909981250763,-1.0522429943084717,-9.524629592895508
2210024700,91.45733642578125,35.78607177734375,0.007559000048786402,-0.026572000235319138,0.006031999830156565,0.08135499805212021,-1.0630110502243042,-9.507880210876465
2210034700,91.4734878540039,35.78607177734375,0.015194999985396862,-0.025120999664068222,0.003664999967440963,0.0209369994699955,-1.116250991821289,-9.54556655883789
2210044700,91.46222686767578,35.77691650390625,0.009544000029563904,-0.034742001444101334,0.0009159999899566174,0.15433700382709503,-1.0815550088882446,-9.437292098999023
2210054700,91.4642562866211,35.78607177734375,0.01809599995613098,-0.023289000615477562,-0.0009919999865815043,0.08075699955224991,-1.1186439990997314,-9.476773262023926
2210064700,91.46656799316406,35.78607177734375,0.02000500075519085,-0.02466299943625927,-7.599999662488699e-05,0.10109599679708481,-1.0301100015640259,-9.437292098999023
2210074700,91.47016906738281,35.781494140625,0.01572900079190731,-0.02519799955189228,-0.007712000049650669,0.07956100255250931,-1.1066800355911255,-9.523432731628418
2210084700,91.46453857421875,35.77691650390625,0.02000500075519085,-0.025655999779701233,-0.013438999652862549,0.08913200348615646,-1.0671980381011963,-9.485148429870605
2210094700,91.47118377685547,35.78607177734375,0.01336199976503849,-0.0275650005787611,-0.004809999838471413,0.07417699694633484,-1.095911979675293,-9.551548957824707
2210104700,91.46556091308594,35.781494140625,0.008627999573946,-0.028480999171733856,-0.0028250000905245543,0.07537300139665604,-1.1144570112228394,-9.486345291137695
2210114700,91.46887969970703,35.78607177734375,0.017255999147892,-0.023289000615477562,-0.00572599982842803,0.09451600164175034,-1.0408769845962524,-9.461817741394043
2210124700,91.46785736083984,35.781494140625,0.014888999983668327,-0.024204999208450317,0.007712000049650669,0.07118599861860275,-1.0660020112991333,-9.445667266845703
2210134700,91.46527862548828,35.7906494140625,0.013896999880671501,-0.02710700035095215,-0.003283000085502863,0.03170400112867355,-1.1557329893112183,-9.514459609985352
2210144700,91.47248077392578,35.781494140625,0.01191100012511015,-0.023289000615477562,-0.007712000049650669,0.0831499993801117,-1.0671980381011963,-9.489336013793945
2210154700,91.46785736083984,35.781494140625,0.01763799972832203,-0.03138300031423569,0.0018319999799132347,0.06041799858212471,-1.065403938293457,-9.534798622131348
2210164700,91.46785736083984,35.781494140625,0.013819999992847443,-0.016568999737501144,-0.006260999944061041,0.06460600346326828,-1.0648059844970703,-9.488139152526855
2210174700,91.46556091308594,35.781494140625,0.013819999992847443,-0.03229900076985359,-0.003894000081345439,0.13280099630355835,-1.0899300575256348,-9.467202186584473
2210184700,91.46785736083984,35.781494140625,0.017179999500513077,-0.02664799988269806,-0.001984999980777502,0.11485499888658524,-1.0905280113220215,-9.490531921386719
2210194700,91.46988677978516,35.7906494140625,0.016721999272704124,-0.02519799955189228,0.0056500001810491085,0.08793599903583527,-1.083948016166687,-9.513263702392578
2210204700,91.47118377685547,35.78607177734375,0.010537000373005867,-0.023289000615477562,0.001373999984934926,0.06819500029087067,-1.0851449966430664,-9.483353614807129
2210214700,91.4642562866211,35.78607177734375,0.013819999992847443,-0.02275400049984455,-0.0009919999865815043,0.05264199897646904,-1.1359920501708984,-9.589834213256836
2210224700,91.46556091308594,35.781494140625,0.009085999801754951,-0.02038699947297573,0.008551999926567078,0.056829001754522324,-1.0905280113220215,-9.452844619750977
2210234700,91.47248077392578,35.781494140625,0.005268000066280365,-0.030923999845981598,0.012827999889850616,0.11784599721431732,-1.082751989364624,-9.505487442016602
2210244700,91.47118377685547,35.78607177734375,0.009544000029563904,-0.02038699947297573,0.003283000085502863,0.05922200158238411,-1.0725820064544678,-9.519246101379395
2210254700,91.47016906738281,35.781494140625,0.01191100012511015,-0.023747000843286514,-0.0053449999541044235,0.055633001029491425,-1.0821540355682373,-9.46780014038086
2210264700,91.46656799316406,35.78607177734375,0.01191100012511015,-0.025655999779701233,-0.0048859999515116215,0.11246199905872345,-1.0953140258789062,-9.491129875183105
2210274700,91.46656799316406,35.78607177734375,0.014813000336289406,-0.026572000235319138,-0.001984999980777502,0.0819540023803711,-1.120439052581787,-9.477372169494629
2210284700,91.47118377685547,35.78607177734375,0.01336199976503849,-0.03184099867939949,0.0009159999899566174,0.03230300173163414,-1.1072779893875122,-9.519246101379395
2210294700,91.47118377685547,35.78607177734375,0.0056500001810491085,-0.021838000044226646,0.0022140000946819782,0.05204299837350845,-1.1066800355911255,-9.501897811889648
2210304700,91.46887969970703,35.78607177734375,0.018478000536561012,-0.023289000615477562,-0.008245999924838543,0.1016940027475357,-1.1138579845428467,-9.509077072143555
2210314700,91.46887969970703,35.78607177734375,0.009085999801754951,-0.022830000147223473,0.001373999984934926,0.07716800272464752,-1.1024930477142334,-9.468399047851562
2210324700,91.47016906738281,35.781494140625,0.014813000336289406,-0.02710700035095215,0.0019079999765381217,0.07238200306892395,-1.1048849821090698,-9.479763984680176
2210334700,91.47118377685547,35.78607177734375,0.02244899980723858,-0.024204999208450317,0.001373999984934926,0.1405780017375946,-1.1036889553070068,-9.485148429870605
2210344700,91.47248077392578,35.781494140625,0.012369999662041664,-0.030389999970793724,0.0037410000804811716,0.0628110021352768,-1.1330009698867798,-9.524031639099121
2210354700,91.46988677978516,35.7906494140625,0.02038699947297573,-0.025655999779701233,0.000838999985717237,0.08494500070810318,-1.1030910015106201,-9.505487442016602
2210364700,91.46656799316406,35.78607177734375,0.01802000030875206,-0.02275400049984455,-0.0035119999665766954,0.10528399795293808,-1.1084749698638916,-9.498309135437012
2210374700,91.46656799316406,35.78607177734375,0.013819999992847443,-0.030923999845981598,0.003283000085502863,0.007178000174462795,-1.0971089601516724,-9.519844055175781
2210384700,91.46785736083984,35.781494140625,0.014278000220656395,-0.022830000147223473,-0.005803000181913376,0.04007900133728981,-1.1222330331802368,-9.525228500366211
2210394700,91.46785736083984,35.781494140625,0.005268000066280365,-0.035200998187065125,0.0009159999899566174,0.09631100296974182,-1.1012959480285645,-9.488738059997559
2210404700,91.4714584350586,35.77691650390625,0.006184000056236982,-0.03138300031423569,0.008093000389635563,0.06759700179100037,-1.1006979942321777,-9.538987159729004
2210414700,91.46656799316406,35.78607177734375,0.014813000336289406,-0.026114000007510185,-0.011988000012934208,0.1214350014925003,-1.1084749698638916,-9.491728782653809
2210424700,91.4734878540039,35.78607177734375,0.015270999632775784,-0.033291999250650406,0.005191999953240156,0.06520400196313858,-1.1180460453033447,-9.512665748596191
2210434700,91.47219848632812,35.7906494140625,0.02237199991941452,-0.03184099867939949,-0.009162000380456448,0.06101600080728531,-1.1264209747314453,-9.491728782653809
2210444700,91.46324920654297,35.781494140625,0.01809599995613098,-0.02038699947297573,-7.599999662488699e-05,0.08015900105237961,-1.1048849821090698,-9.45763111114502
2210454700,91.46453857421875,35.77691650390625,0.01336199976503849,-0.023747000843286514,-0.006260999944061041,0.09212300181388855,-1.1174479722976685,-9.492326736450195
2210464700,91.47579956054688,35.78607177734375,0.01191100012511015,-0.018478000536561012,0.0009159999899566174,0.08554299920797348,-1.1006979942321777,-9.535996437072754
2210474700,91.46324920654297,35.781494140625,0.018554000183939934,-0.023212000727653503,-0.002061000093817711,0.0628110021352768,-1.082751989364624,-9.501299858093262
2210484700,91.47248077392578,35.781494140625,0.016110999509692192,-0.026114000007510185,0.006031999830156565,0.09750699996948242,-1.100100040435791,-9.500102996826172
2210494700,91.46656799316406,35.78607177734375,0.012903999537229538,-0.03420799970626831,0.0028250000905245543,0.09391800314188004,-1.1060819625854492,-9.504290580749512
2210504700,91.46222686767578,35.77691650390625,0.016645999625325203,-0.029015999287366867,0.012827999889850616,0.0412760004401207,-1.100100040435791,-9.488738059997559
2210514700,91.46324920654297,35.781494140625,0.012521999888122082,-0.02710700035095215,0.003358999965712428,0.0412760004401207,-1.112064003944397,-9.510870933532715
2210524700,91.46887969970703,35.78607177734375,0.014355000108480453,-0.02710700035095215,0.007712000049650669,0.07656999677419662,-1.082751989364624,-9.496514320373535
2210534700,91.46988677978516,35.7906494140625,0.010994999669492245,-0.029015999287366867,0.003283000085502863,0.102292999625206,-1.0564310550689697,-9.511468887329102
2210544700,91.46785736083984,35.781494140625,0.017179999500513077,-0.028480999171733856,0.0022899999748915434,0.07776600122451782,-1.1144570112228394,-9.527621269226074
2210554700,91.476806640625,35.7906494140625,0.014278000220656395,-0.023289000615477562,0.008551999926567078,0.11485499888658524,-1.1222330331802368,-9.501299858093262
2210564700,91.46887969970703,35.78607177734375,0.006184000056236982,-0.023747000843286514,-0.0034360000863671303,0.06520400196313858,-1.1276170015335083,-9.491728782653809
2210574700,91.46758270263672,35.7906494140625,0.01809599995613098,-0.0275650005787611,0.0022899999748915434,0.0825520008802414,-1.0648059844970703,-9.506684303283691
2210584700,91.46324920654297,35.781494140625,0.010459999553859234,-0.02466299943625927,-0.004352000076323748,0.08015900105237961,-1.0773680210113525,-9.501299858093262
2210594700,91.46887969970703,35.78607177734375,0.012903999537229538,-0.028480999171733856,0.001373999984934926,0.05324000120162964,-1.0671980381011963,-9.497711181640625
2210604700,91.46785736083984,35.781494140625,0.012903999537229538,-0.033291999250650406,0.0018319999799132347,0.08973000198602676,-1.115054965019226,-9.518050193786621
2210614700,91.4642562866211,35.78607177734375,0.012369999662041664,-0.019471000880002975,-0.008704000152647495,0.06400799751281738,-1.0737789869308472,-9.506684303283691
2210624700,91.47016906738281,35.781494140625,0.01763799972832203,-0.032832998782396317,0.006643000058829784,0.083747997879982,-1.0821540355682373,-9.469594955444336
2210634700,91.46324920654297,35.781494140625,0.021455999463796616,-0.01992899924516678,0.001373999984934926,0.0831499993801117,-1.1060819625854492,-9.52941608428955
2210644700,91.46556091308594,35.781494140625,0.015270999632775784,-0.03466600179672241,-0.0053449999541044235,0.062212999910116196,-1.09471595287323,-9.515657424926758
2210654700,91.46195983886719,35.78607177734375,0.010459999553859234,-0.02466299943625927,-0.0024429999757558107,0.03888300061225891,-1.0905280113220215,-9.501897811889648
2210664700,91.47016906738281,35.781494140625,0.006184000056236982,-0.03138300031423569,0.0009159999899566174,0.07597199827432632,-1.1258230209350586,-9.509077072143555
2210674700,91.46887969970703,35.78607177734375,0.017179999500513077,-0.033291999250650406,0.0028250000905245543,0.07298099994659424,-1.1144570112228394,-9.512665748596191
2210684700,91.46556091308594,35.781494140625,0.01191100012511015,-0.023289000615477562,-0.0024429999757558107,0.07716800272464752,-1.1264209747314453,-9.480362892150879
2210694700,91.47248077392578,35.781494140625,0.016186999157071114,-0.026114000007510185,0.0018319999799132347,0.06101600080728531,-1.0845459699630737,-9.530611991882324
2210704700,91.46887969970703,35.78607177734375,0.010002000257372856,-0.021838000044226646,0.00419900007545948,0.049651000648736954,-1.116250991821289,-9.458827018737793
2210714700,91.46556091308594,35.781494140625,0.010459999553859234,-0.021838000044226646,0.0009159999899566174,0.09451600164175034,-1.06659996509552,-9.507880210876465
2210724700,91.46758270263672,35.7906494140625,0.01244600024074316,-0.028557000681757927,0.004275999963283539,0.09631100296974182,-1.079761028289795,-9.526424407958984
2210734700,91.46656799316406,35.78607177734375,0.012903999537229538,-0.024204999208450317,-0.003894000081345439,0.06819500029087067,-1.0803589820861816,-9.528219223022461
2210744700,91.46527862548828,35.7906494140625,0.012369999662041664,-0.03138300031423569,-0.0029009999707341194,0.06520400196313858,-1.0857429504394531,-9.506684303283691
2210754700,91.46527862548828,35.7906494140625,0.015270999632775784,-0.03420799970626831,-0.0029009999707341194,0.07417699694633484,-1.0917249917984009,-9.53958511352539
2210764700,91.46656799316406,35.78607177734375,0.010537000373005867,-0.019471000880002975,-0.009162000380456448,0.04366900026798248,-1.1102689504623413,-9.483353614807129
2210774700,91.46887969970703,35.78607177734375,0.012369999662041664,-0.030389999970793724,0.003283000085502863,0.09631100296974182,-1.1144570112228394,-9.530014038085938
2210784700,91.46785736083984,35.781494140625,0.014813000336289406,-0.0222960002720356,0.004734000191092491,0.11186400055885315,-1.09471595287323,-9.501299858093262
2210794700,91.46914672851562,35.77691650390625,0.006719000171869993,-0.019471000880002975,0.004734000191092491,0.06460600346326828,-1.1096709966659546,-9.511468887329102
2210804700,91.4642562866211,35.78607177734375,0.009544000029563904,-0.033291999250650406,0.001373999984934926,0.06400799751281738,-1.0869389772415161,-9.533602714538574
2210814700,91.46222686767578,35.77691650390625,0.01763799972832203,-0.0275650005787611,0.004275999963283539,0.050248999148607254,-1.1018940210342407,-9.510272979736328
2210824700,91.46556091308594,35.781494140625,0.021455999463796616,-0.023289000615477562,0.0009159999899566174,0.0628110021352768,-1.0803589820861816,-9.538389205932617
2210834700,91.46887969970703,35.78607177734375,0.023289000615477562,-0.02893899939954281,0.014278000220656395,0.07537300139665604,-1.1246260404586792,-9.544968605041504
2210844700,91.47477722167969,35.781494140625,0.006643000058829784,-0.021302999928593636,-0.0011449999874457717,0.06580200046300888,-1.0875370502471924,-9.482156753540039
2210854700,91.46656799316406,35.78607177734375,0.012827999889850616,-0.018936000764369965,0.0041229999624192715,0.07477500289678574,-1.1096709966659546,-9.506684303283691
2210864700,91.47118377685547,35.78607177734375,0.01336199976503849,-0.03375000134110451,-0.0034360000863671303,0.04905200004577637,-1.0995010137557983,-9.550353050231934
2210874700,91.4642562866211,35.78607177734375,0.003358999965712428,-0.02466299943625927,0.0009159999899566174,0.08853399753570557,-1.050449013710022,-9.482156753540039
2210884700,91.46195983886719,35.78607177734375,0.011452999897301197,-0.025655999779701233,-0.0009919999865815043,0.05922200158238411,-1.0803589820861816,-9.52941608428955
2210894700,91.46914672851562,35.77691650390625,0.009085999801754951,-0.0222960002720356,0.004275999963283539,0.0412760004401207,-1.0438679456710815,-9.474381446838379
2210904700,91.4734878540039,35.78607177734375,0.016186999157071114,-0.02519799955189228,0.006184000056236982,0.11724799871444702,-1.054636001586914,-9.46780014038086
2210914700,91.46556091308594,35.781494140625,0.009544000029563904,-0.03184099867939949,-0.0005339999916031957,0.07298099994659424,-1.0833499431610107,-9.481558799743652
2210924700,91.46887969970703,35.78607177734375,0.014278000220656395,-0.03466600179672241,0.003283000085502863,0.049651000648736954,-1.0755729675292969,-9.501897811889648
2210934700,91.46914672851562,35.77691650390625,0.018631000071763992,-0.026572000235319138,0.007100999820977449,0.013159999623894691,-1.124027967453003,-9.521638870239258
2210944700,91.47219848632812,35.7906494140625,0.01572900079190731,-0.028023000806570053,-0.006260999944061041,0.05982000008225441,-1.0725820064544678,-9.485746383666992
2210954700,91.47248077392578,35.781494140625,0.015270999632775784,-0.0275650005787611,-7.599999662488699e-05,0.022731000557541847,-1.0522429943084717,-9.496514320373535
2210964700,91.46887969970703,35.78607177734375,0.021913999691605568,-0.02275400049984455,0.0009159999899566174,0.06999000161886215,-1.1012959480285645,-9.556933403015137
2210974700,91.46887969970703,35.78607177734375,0.020462999120354652,-0.026572000235319138,0.007023999933153391,0.04007900133728981,-1.0570290088653564,-9.534798622131348
2210984700,91.46656799316406,35.78607177734375,0.021379999816417694,-0.024204999208450317,-0.009696999564766884,0.037087999284267426,-1.1401790380477905,-9.57368278503418
2210994700,91.46887969970703,35.78607177734375,0.0076350001618266106,-0.024204999208450317,-0.0015269999857991934,0.11006899923086166,-1.0791620016098022,-9.525228500366211
2211004700,91.46785736083984,35.781494140625,0.01572900079190731,-0.017103999853134155,-0.0009919999865815043,0.10528399795293808,-1.1144570112228394,-9.504888534545898
2211014700,91.47118377685547,35.78607177734375,0.010994999669492245,-0.02519799955189228,0.00419900007545948,0.06999000161886215,-1.1246260404586792,-9.507880210876465
2211024700,91.46453857421875,35.77691650390625,0.016186999157071114,-0.025655999779701233,0.0023670000955462456,0.06759700179100037,-1.1012959480285645,-9.494720458984375
2211034700,91.46685028076172,35.77691650390625,0.011377000249922276,-0.02993199974298477,0.0055740000680089,0.05862399935722351,-1.0941179990768433,-9.52941608428955
2211044700,91.46656799316406,35.78607177734375,0.0061079999431967735,-0.03138300031423569,-0.009696999564766884,0.07298099994659424,-1.1318049430847168,-9.494720458984375
2211054700,91.46758270263672,35.7906494140625,0.02000500075519085,-0.03229900076985359,0.001373999984934926,0.06101600080728531,-1.0995010137557983,-9.47378158569336
2211064700,91.46656799316406,35.78607177734375,0.013819999992847443,-0.017562000080943108,0.012369999662041664,0.07896299660205841,-1.0833499431610107,-9.501299858093262
2211074700,91.46685028076172,35.77691650390625,0.016645999625325203,-0.023747000843286514,0.0028250000905245543,0.06819500029087067,-1.1126619577407837,-9.517451286315918
2211084700,91.47321319580078,35.79522705078125,0.008551999926567078,-0.026572000235319138,0.010919000022113323,0.09451600164175034,-1.0929210186004639,-9.525228500366211
2211094700,91.46758270263672,35.7906494140625,0.012292999774217606,-0.023289000615477562,-0.0068720001727342606,0.09331999719142914,-1.0941179990768433,-9.497711181640625
2211104700,91.47016906738281,35.781494140625,0.015194999985396862,-0.01992899924516678,0.0022140000946819782,0.09690900146961212,-1.1144570112228394,-9.486345291137695
2211114700,91.47016906738281,35.781494140625,0.01809599995613098,-0.024739999324083328,-0.0053449999541044235,0.05982000008225441,-1.0468590259552002,-9.485148429870605
2211124700,91.46887969970703,35.78607177734375,0.017179999500513077,-0.02275400049984455,0.006643000058829784,0.07238200306892395,-1.1054840087890625,-9.509675025939941
2211134700,91.47016906738281,35.781494140625,0.01763799972832203,-0.03138300031423569,-0.014888999983668327,0.06580200046300888,-1.1569290161132812,-9.498907089233398
2211144700,91.46988677978516,35.7906494140625,0.016721999272704124,-0.030923999845981598,-0.005803000181913376,0.11724799871444702,-1.1114660501480103,-9.513861656188965
2211154700,91.46296691894531,35.7906494140625,0.014813000336289406,-0.01992899924516678,0.0038169999606907368,0.07656999677419662,-1.0941179990768433,-9.504290580749512
2211164700,91.46887969970703,35.78607177734375,0.014813000336289406,-0.030923999845981598,-0.0009919999865815043,0.06639999896287918,-1.0875370502471924,-9.510272979736328
2211174700,91.46324920654297,35.781494140625,0.014201999641954899,-0.024204999208450317,0.00992599967867136,0.06999000161886215,-1.1084749698638916,-9.509077072143555
2211184700,91.47118377685547,35.78607177734375,0.016110999509692192,-0.0275650005787611,0.003664999967440963,0.024526000022888184,-1.0743770599365234,-9.518648147583008
2211194700,91.47016906738281,35.781494140625,0.021455999463796616,-0.026572000235319138,0.0009159999899566174,0.06639999896287918,-1.0851449966430664,-9.500102996826172
2211204700,91.4642562866211,35.78607177734375,0.018631000071763992,-0.030923999845981598,0.0004579999949783087,0.08614099770784378,-1.0845459699630737,-9.485148429870605
2211214700,91.47248077392578,35.781494140625,0.007559000048786402,-0.01802000030875206,-0.0044280001893639565,0.0628110021352768,-1.0971089601516724,-9.530611991882324
2211224700,91.47219848632812,35.7906494140625,0.01565299928188324,-0.02466299943625927,-0.002061000093817711,0.07716800272464752,-1.104287028312683,-9.494720458984375
2211234700,91.47248077392578,35.781494140625,0.02038699947297573,-0.02703000046312809,0.000838999985717237,0.07537300139665604,-1.1264209747314453,-9.486943244934082
2211244700,91.47248077392578,35.781494140625,0.020921999588608742,-0.0275650005787611,0.011758999899029732,0.07118599861860275,-1.1036889553070068,-9.528817176818848
2211254700,91.46556091308594,35.781494140625,0.016645999625325203,-0.028023000806570053,0.003283000085502863,0.07357899844646454,-1.082751989364624,-9.499505043029785
2211264700,91.46785736083984,35.781494140625,0.009544000029563904,-0.02519799955189228,0.0022899999748915434,0.08673900365829468,-1.082751989364624,-9.479166030883789
2211274700,91.46556091308594,35.781494140625,0.014278000220656395,-0.0275650005787611,0.01336199976503849,0.043069999665021896,-1.1437690258026123,-9.537192344665527
2211284700,91.47248077392578,35.781494140625,0.01763799972832203,-0.02519799955189228,0.007100999820977449,0.035891998559236526,-1.1318049430847168,-9.451648712158203
2211294700,91.47118377685547,35.78607177734375,0.025731999427080154,-0.02947399951517582,0.010919000022113323,0.09152500331401825,-1.0995010137557983,-9.486943244934082
2211304700,91.47248077392578,35.781494140625,0.004275999963283539,-0.024204999208450317,-0.006260999944061041,0.0843459963798523,-1.0977070331573486,-9.528817176818848
2211314700,91.46556091308594,35.781494140625,0.008627999573946,-0.0275650005787611,-0.003894000081345439,0.10887300223112106,-1.1156530380249023,-9.496514320373535
2211324700,91.46887969970703,35.78607177734375,0.014813000336289406,-0.02275400049984455,-0.0024429999757558107,0.05084700137376785,-1.1365900039672852,-9.507282257080078
2211334700,91.46914672851562,35.77691650390625,0.012369999662041664,-0.025655999779701233,-0.0029009999707341194,0.06460600346326828,-1.0887340307235718,-9.491129875183105
2211344700,91.47118377685547,35.78607177734375,0.019089000299572945,-0.02947399951517582,0.004275999963283539,0.13220299780368805,-1.0821540355682373,-9.524629592895508
2211354700,91.4642562866211,35.78607177734375,0.0076350001618266106,-0.029015999287366867,0.004275999963283539,0.09511400014162064,-1.0791620016098022,-9.501897811889648
2211364700,91.46785736083984,35.781494140625,0.01572900079190731,-0.021838000044226646,0.0028250000905245543,0.07118599861860275,-1.098902940750122,-9.514459609985352
2211374700,91.46324920654297,35.781494140625,0.007176999934017658,-0.02519799955189228,0.023365000262856483,0.12562300264835358,-1.1036889553070068,-9.466604232788086
2211384700,91.47118377685547,35.78607177734375,0.01473699975758791,-0.026114000007510185,-0.0111480001360178,0.07956100255250931,-1.1090730428695679,-9.495916366577148
2211394700,91.47477722167969,35.781494140625,0.012292999774217606,-0.030848000198602676,0.006031999830156565,0.08135499805212021,-1.1006979942321777,-9.510870933532715
2211404700,91.47248077392578,35.781494140625,0.014278000220656395,-0.03138300031423569,0.012827999889850616,0.07537300139665604,-1.0953140258789062,-9.490531921386719
2211414700,91.47118377685547,35.78607177734375,0.015270999632775784,-0.021838000044226646,0.0018319999799132347,0.021534999832510948,-1.1258230209350586,-9.481558799743652
2211424700,91.4642562866211,35.78607177734375,0.016110999509692192,-0.03229900076985359,0.004656999837607145,0.15613099932670593,-1.1318049430847168,-9.507282257080078
2211434700,91.46556091308594,35.781494140625,0.014201999641954899,-0.02993199974298477,0.001297999988310039,0.025124000385403633,-1.0677969455718994,-9.476773262023926
2211444700,91.47248077392578,35.781494140625,0.012369999662041664,-0.029015999287366867,0.008093000389635563,0.041873998939991,-1.1347960233688354,-9.53659439086914
2211454700,91.46324920654297,35.781494140625,0.018554000183939934,-0.021838000044226646,-0.001984999980777502,0.09870299696922302,-1.1210370063781738,-9.504888534545898
2211464700,91.46887969970703,35.78607177734375,0.016110999509692192,-0.033291999250650406,0.0041229999624192715,0.030508000403642654,-1.115054965019226,-9.480960845947266
2211474700,91.4714584350586,35.77691650390625,0.015194999985396862,-0.02466299943625927,-0.007788000162690878,0.1609169989824295,-1.1288139820098877,-9.46062183380127
2211484700,91.47219848632812,35.7906494140625,0.01244600024074316,-0.024204999208450317,0.0037410000804811716,0.11186400055885315,-1.0325020551681519,-9.4660062789917
2211494700,91.46453857421875,35.77691650390625,0.014278000220656395,-0.0222960002720356,-0.003894000081345439,-0.0059819999150931835,-1.1419739723205566,-9.52941608428955
2211504700,91.46556091308594,35.781494140625,0.01992899924516678,-0.020844999700784683,0.001297999988310039,0.07477500289678574,-1.120439052581787,-9.497711181640625
2211514700,91.47248077392578,35.781494140625,0.014201999641954899,-0.02703000046312809,-0.01259899977594614,0.06580200046300888,-1.0941179990768433,-9.538389205932617
2211524700,91.46195983886719,35.78607177734375,0.01191100012511015,-0.021838000044226646,-0.0009919999865815043,0.0825520008802414,-1.0869389772415161,-9.489933967590332
2211534700,91.47219848632812,35.7906494140625,0.012369999662041664,-0.0222960002720356,-0.008704000152647495,0.042472001165151596,-1.1467599868774414,-9.593423843383789
2211544700,91.46453857421875,35.77691650390625,0.01763799972832203,-0.0222960002720356,0.001373999984934926,0.083747997879982,-1.0767699480056763,-9.436694145202637
2211554700,91.46785736083984,35.781494140625,0.019089000299572945,-0.0222960002720356,-0.003894000081345439,0.09511400014162064,-1.1246260404586792,-9.580263137817383
2211564700,91.46324920654297,35.781494140625,0.012369999662041664,-0.026572000235319138,-0.008704000152647495,0.08733800053596497,-1.053439974784851,-9.474381446838379
2211574700,91.46785736083984,35.781494140625,0.014813000336289406,-0.02993199974298477,-0.0005339999916031957,0.06999000161886215,-1.1078760623931885,-9.527023315429688
2211584700,91.46887969970703,35.78607177734375,0.025273999199271202,-0.01802000030875206,-0.008170000277459621,0.056829001754522324,-1.100100040435791,-9.470192909240723
2211594700,91.47248077392578,35.781494140625,0.013819999992847443,-0.023289000615477562,0.007100999820977449,0.07477500289678574,-1.128214955329895,-9.480960845947266
2211604700,91.46887969970703,35.78607177734375,0.020462999120354652,-0.026114000007510185,0.0009159999899566174,0.0843459963798523,-1.0995010137557983,-9.498309135437012
2211614700,91.46988677978516,35.7906494140625,0.014813000336289406,-0.030465999618172646,0.0009159999899566174,0.08075699955224991,-1.0815550088882446,-9.489933967590332
2211624700,91.47118377685547,35.78607177734375,0.021455999463796616,-0.028480999171733856,-0.0005339999916031957,0.05324000120162964,-1.0953140258789062,-9.521040916442871
2211634700,91.46556091308594,35.781494140625,0.01244600024074316,-0.030389999970793724,0.006643000058829784,0.06759700179100037,-1.0887340307235718,-9.467202186584473
2211644700,91.47551727294922,35.79522705078125,0.012903999537229538,-0.026572000235319138,0.003283000085502863,0.0209369994699955,-1.0941179990768433,-9.498907089233398
2211654700,91.46988677978516,35.7906494140625,0.013819999992847443,-0.034742001444101334,-0.004809999838471413,0.1016940027475357,-1.1126619577407837,-9.474979400634766
2211664700,91.46685028076172,35.77691650390625,0.011452999897301197,-0.02993199974298477,-0.001984999980777502,0.06580200046300888,-1.1096709966659546,-9.520442008972168
2211674700,91.46453857421875,35.77691650390625,0.001449999981559813,-0.02519799955189228,0.0018319999799132347,0.04426699876785278,-1.1228320598602295,-9.511468887329102
2211684700,91.4734878540039,35.78607177734375,0.012903999537229538,-0.02710700035095215,-0.0029009999707341194,0.08015900105237961,-1.1060819625854492,-9.519844055175781
2211694700,91.47118377685547,35.78607177734375,0.020997999235987663,-0.0275650005787611,0.004734000191092491,0.10648000240325928,-1.124027967453003,-9.510272979736328
2211704700,91.47606658935547,35.77691650390625,0.009085999801754951,-0.024204999208450317,-0.008170000277459621,0.09092699736356735,-1.0965100526809692,-9.521638870239258
2211714700,91.46914672851562,35.77691650390625,0.014813000336289406,-0.02519799955189228,-0.0005339999916031957,0.0831499993801117,-1.079761028289795,-9.510870933532715
2211724700,91.4609375,35.781494140625,0.014278000220656395,-0.026114000007510185,-0.0034360000863671303,0.10767699778079987,-1.1706880331039429,-9.519246101379395
2211734700,91.4734878540039,35.78607177734375,0.02290700003504753,-0.0275650005787611,0.0037410000804811716,0.05144499987363815,-1.1186439990997314,-9.497711181640625
2211744700,91.46859741210938,35.79522705078125,0.005268000066280365,-0.030389999970793724,-0.008170000277459621,0.12323000282049179,-1.116250991821289,-9.515058517456055
2211754700,91.4714584350586,35.77691650390625,0.012521999888122082,-0.02993199974298477,0.0,0.0843459963798523,-1.104287028312683,-9.537192344665527
2211764700,91.46887969970703,35.78607177734375,0.010613000020384789,-0.0275650005787611,-0.008093000389635563,0.08973000198602676,-1.161715030670166,-9.543771743774414
2211774700,91.47118377685547,35.78607177734375,0.021379999816417694,-0.0222960002720356,-0.013515000231564045,0.036490000784397125,-1.1347960233688354,-9.460023880004883
2211784700,91.47016906738281,35.781494140625,0.00992599967867136,-0.0275650005787611,0.00076299998909235,0.1028909981250763,-1.1012959480285645,-9.535398483276367
2211794700,91.46914672851562,35.77691650390625,0.012369999662041664,-0.02710700035095215,-0.001984999980777502,0.07238200306892395,-1.1389830112457275,-9.522834777832031
2211804700,91.46685028076172,35.77691650390625,0.010537000373005867,-0.01992899924516678,0.0003809999907389283,0.0628110021352768,-1.1078760623931885,-9.495318412780762
2211814700,91.46453857421875,35.77691650390625,0.010459999553859234,-0.030465999618172646,-0.006719000171869993,0.0819540023803711,-1.0648059844970703,-9.490531921386719
2211824700,91.46685028076172,35.77691650390625,0.009085999801754951,-0.026572000235319138,-7.599999662488699e-05,0.1028909981250763,-1.0642069578170776,-9.53958511352539
2211834700,91.47016906738281,35.781494140625,0.009544000029563904,-0.02519799955189228,0.001373999984934926,0.04426699876785278,-1.0983049869537354,-9.512665748596191
2211844700,91.46887969970703,35.78607177734375,0.007176999934017658,-0.024204999208450317,0.0018319999799132347,0.11784599721431732,-1.128214955329895,-9.508478164672852
2211854700,91.47016906738281,35.781494140625,0.01565299928188324,-0.02275400049984455,0.00939099956303835,0.11305999755859375,-1.0612159967422485,-9.45942497253418
2211864700,91.46988677978516,35.7906494140625,0.0222960002720356,-0.035200998187065125,0.007482999935746193,0.07058800011873245,-1.1246260404586792,-9.463014602661133
2211874700,91.46785736083984,35.781494140625,0.011377000249922276,-0.02466299943625927,-0.007788000162690878,0.08554299920797348,-1.1491529941558838,-9.461817741394043
2211884700,91.47016906738281,35.781494140625,0.015194999985396862,-0.023747000843286514,0.010842000134289265,0.09810499846935272,-1.0857429504394531,-9.525228500366211
2211894700,91.46685028076172,35.77691650390625,0.015194999985396862,-0.02466299943625927,-0.006413999944925308,0.056829001754522324,-1.0875370502471924,-9.501897811889648
2211904700,91.46656799316406,35.78607177734375,0.01992899924516678,-0.028023000806570053,-0.009696999564766884,0.04426699876785278,-1.0995010137557983,-9.515058517456055
2211914700,91.46582794189453,35.7723388671875,0.025655999779701233,-0.02893899939954281,0.00076299998909235,0.083747997879982,-1.1473579406738281,-9.45464038848877
2211924700,91.46685028076172,35.77691650390625,0.017103999853134155,-0.02947399951517582,-0.0006099999882280827,0.09989999979734421,-1.1222330331802368,-9.488738059997559
2211934700,91.4734878540039,35.78607177734375,0.011377000249922276,-0.03375000134110451,0.004656999837607145,0.05264199897646904,-1.054636001586914,-9.498907089233398
2211944700,91.46758270263672,35.7906494140625,0.019013000652194023,-0.028480999171733856,0.0022140000946819782,0.029311999678611755,-1.1078760623931885,-9.505487442016602
2211954700,91.47016906738281,35.781494140625,0.013744000345468521,-0.02710700035095215,-0.00496299983933568,0.05383799970149994,-1.1353939771652222,-9.533602714538574
2211964700,91.46556091308594,35.781494140625,0.017103999853134155,-0.02466299943625927,0.008475000038743019,0.07776600122451782,-1.1306079626083374,-9.474381446838379
2211974700,91.46887969970703,35.78607177734375,0.013744000345468521,-0.02466299943625927,0.004656999837607145,0.06939099729061127,-1.1138579845428467,-9.474381446838379
2211984700,91.46556091308594,35.781494140625,0.013744000345468521,-0.026572000235319138,0.010842000134289265,0.06759700179100037,-1.0875370502471924,-9.57248592376709
2211994700,91.46914672851562,35.77691650390625,0.011377000249922276,-0.03375000134110451,0.003664999967440963,0.035294000059366226,-1.0576269626617432,-9.549156188964844
2212004700,91.47016906738281,35.781494140625,0.01763799972832203,-0.02519799955189228,-0.006260999944061041,0.057427000254392624,-1.1844470500946045,-9.492924690246582
2212014700,91.46887969970703,35.78607177734375,0.01336199976503849,-0.02993199974298477,0.00572599982842803,0.06580200046300888,-1.1611169576644897,-9.480960845947266
2212024700,91.46453857421875,35.77691650390625,0.0222960002720356,-0.026572000235319138,-0.0016029999824240804,0.08973000198602676,-1.046260952949524,-9.531807899475098
2212034700,91.47016906738281,35.781494140625,0.013286000117659569,-0.02710700035095215,-0.0006099999882280827,0.05862399935722351,-1.0725820064544678,-9.552146911621094
2212044700,91.46887969970703,35.78607177734375,0.010994999669492245,-0.0275650005787611,-0.004809999838471413,0.049651000648736954,-1.1341969966888428,-9.503692626953125
2212054700,91.46656799316406,35.78607177734375,0.010537000373005867,-0.024739999324083328,0.0028250000905245543,0.0843459963798523,-1.082751989364624,-9.537192344665527
2212064700,91.46195983886719,35.78607177734375,0.01336199976503849,-0.025655999779701233,-0.006260999944061041,0.05264199897646904,-1.1246260404586792,-9.425328254699707
2212074700,91.46914672851562,35.77691650390625,0.015270999632775784,-0.026114000007510185,-0.0024429999757558107,0.09750699996948242,-1.0983049869537354,-9.544370651245117
2212084700,91.46887969970703,35.78607177734375,0.021379999816417694,-0.029015999287366867,-0.005421000067144632,0.07477500289678574,-1.0881359577178955,-9.540781021118164
2212094700,91.47118377685547,35.78607177734375,0.019013000652194023,-0.026114000007510185,-0.00015199999324977398,0.062212999910116196,-1.1383850574493408,-9.479166030883789
2212104700,91.47016906738281,35.781494140625,0.014201999641954899,-0.02466299943625927,0.005115000065416098,0.08554299920797348,-1.1300100088119507,-9.486943244934082
2212114700,91.47248077392578,35.781494140625,0.013286000117659569,-0.017562000080943108,-0.00496299983933568,0.043069999665021896,-1.1198400259017944,-9.501897811889648
2212124700,91.46887969970703,35.78607177734375,0.013286000117659569,-0.02703000046312809,0.002747999969869852,0.035891998559236526,-1.1341969966888428,-9.512665748596191
2212134700,91.46785736083984,35.781494140625,0.017103999853134155,-0.020844999700784683,-0.0025190000887960196,0.061615001410245895,-1.0875370502471924,-9.486345291137695
2212144700,91.46324920654297,35.781494140625,0.012369999662041664,-0.021838000044226646,-0.00015199999324977398,0.09571199864149094,-1.1210370063781738,-9.54975414276123
2212154700,91.47477722167969,35.781494140625,0.011377000249922276,-0.023212000727653503,0.007023999933153391,0.11545299738645554,-1.1180460453033447,-9.528817176818848
2212164700,91.47016906738281,35.781494140625,0.009468000382184982,-0.028480999171733856,0.00992599967867136,0.07058800011873245,-1.1276170015335083,-9.533004760742188
2212174700,91.46556091308594,35.781494140625,0.012292999774217606,-0.024204999208450317,-0.009239000268280506,0.07537300139665604,-1.1024930477142334,-9.475577354431152
2212184700,91.47450256347656,35.7906494140625,0.015118000097572803,-0.0275650005787611,0.008856999687850475,0.04007900133728981,-1.1198400259017944,-9.512067794799805
2212194700,91.47606658935547,35.77691650390625,0.016568999737501144,-0.023212000727653503,-0.006947999820113182,0.058024998754262924,-1.1114660501480103,-9.519844055175781
2212204700,91.46556091308594,35.781494140625,0.009544000029563904,-0.020844999700784683,-0.0009919999865815043,0.07537300139665604,-1.1114660501480103,-9.490531921386719
2212214700,91.4586410522461,35.781494140625,0.012369999662041664,-0.02710700035095215,0.011452999897301197,0.04067699983716011,-1.125223994255066,-9.525825500488281
2212224700,91.47016906738281,35.781494140625,0.008016999810934067,-0.017026999965310097,-0.0030539999715983868,0.07537300139665604,-1.0983049869537354,-9.487541198730469
2212234700,91.46785736083984,35.781494140625,0.008016999810934067,-0.02947399951517582,-0.005421000067144632,0.055633001029491425,-1.1258230209350586,-9.546165466308594
2212244700,91.46453857421875,35.77691650390625,0.014201999641954899,-0.02466299943625927,-0.007788000162690878,0.07896299660205841,-1.1306079626083374,-9.541977882385254
2212254700,91.46887969970703,35.78607177734375,0.016110999509692192,-0.035124000161886215,-0.0006099999882280827,0.11844400316476822,-1.1288139820098877,-9.442675590515137
2212264700,91.46758270263672,35.7906494140625,0.016645999625325203,-0.03229900076985359,-0.005803000181913376,0.10767699778079987,-1.0737789869308472,-9.443273544311523
2212274700,91.46656799316406,35.78607177734375,0.01191100012511015,-0.019471000880002975,0.0023670000955462456,0.07357899844646454,-1.0965100526809692,-9.497112274169922
2212284700,91.47118377685547,35.78607177734375,0.016110999509692192,-0.026114000007510185,-0.002061000093817711,-0.03230300173163414,-1.1485539674758911,-9.599406242370605
2212294700,91.45530700683594,35.77691650390625,0.013744000345468521,-0.023212000727653503,0.0061079999431967735,0.1028909981250763,-1.09471595287323,-9.480960845947266
2212304700,91.47248077392578,35.781494140625,0.016110999509692192,-0.026572000235319138,-0.003969999961555004,0.11365900188684464,-1.1198400259017944,-9.543771743774414
2212314700,91.4642562866211,35.78607177734375,0.011834999546408653,-0.024204999208450317,0.005115000065416098,0.11006899923086166,-1.0803589820861816,-9.451050758361816
2212324700,91.46914672851562,35.77691650390625,0.0275650005787611,-0.018478000536561012,-0.0016029999824240804,0.05264199897646904,-1.0689929723739624,-9.522236824035645
2212334700,91.46556091308594,35.781494140625,0.007100999820977449,-0.028023000806570053,0.00030499999411404133,0.0634090006351471,-1.051645040512085,-9.485148429870605
2212344700,91.46785736083984,35.781494140625,0.00901000015437603,-0.024204999208450317,0.003206999972462654,0.08793599903583527,-1.1018940210342407,-9.483951568603516
2212354700,91.46887969970703,35.78607177734375,0.017562000080943108,-0.02703000046312809,-0.0006099999882280827,0.1016940027475357,-1.0785640478134155,-9.45763111114502
2212364700,91.46785736083984,35.781494140625,0.00901000015437603,-0.023289000615477562,0.007023999933153391,0.07776600122451782,-1.095911979675293,-9.559326171875
2212374700,91.46656799316406,35.78607177734375,0.017562000080943108,-0.02466299943625927,0.001297999988310039,0.0819540023803711,-1.1288139820098877,-9.54556655883789
2212384700,91.47016906738281,35.781494140625,0.014278000220656395,-0.03184099867939949,0.005115000065416098,0.09092699736356735,-1.0845459699630737,-9.493522644042969
2212394700,91.46887969970703,35.78607177734375,0.011834999546408653,-0.030848000198602676,0.00030499999411404133,0.04665999859571457,-1.1108670234680176,-9.498309135437012
2212404700,91.46914672851562,35.77691650390625,0.016645999625325203,-0.03229900076985359,0.010842000134289265,0.10827499628067017,-1.0953140258789062,-9.474979400634766
2212414700,91.46785736083984,35.781494140625,0.013286000117659569,-0.033291999250650406,-0.005878999829292297,0.0831499993801117,-1.1048849821090698,-9.537790298461914
2212424700,91.46556091308594,35.781494140625,0.011377000249922276,-0.02466299943625927,0.00992599967867136,0.08554299920797348,-1.080957055091858,-9.491728782653809
2212434700,91.46887969970703,35.78607177734375,0.017562000080943108,-0.02466299943625927,-0.0010689999908208847,0.11186400055885315,-1.1126619577407837,-9.501299858093262
2212444700,91.46656799316406,35.78607177734375,0.012827999889850616,-0.02275400049984455,-0.002595999976620078,0.0831499993801117,-1.079761028289795,-9.506085395812988
2212454700,91.46685028076172,35.77691650390625,0.011834999546408653,-0.03229900076985359,0.008016999810934067,0.06999000161886215,-1.1078760623931885,-9.495916366577148
2212464700,91.4642562866211,35.78607177734375,0.017562000080943108,-0.035659000277519226,-0.0016029999824240804,0.035294000059366226,-1.053439974784851,-9.530014038085938
2212474700,91.47016906738281,35.781494140625,0.019471000880002975,-0.02947399951517582,0.007023999933153391,0.057427000254392624,-1.1330009698867798,-9.543771743774414
2212484700,91.46656799316406,35.78607177734375,0.007559000048786402,-0.0222960002720356,0.0017559999832883477,0.09690900146961212,-1.1222330331802368,-9.502495765686035
2212494700,91.46785736083984,35.781494140625,0.016568999737501144,-0.028023000806570053,-0.00496299983933568,0.07537300139665604,-1.0881359577178955,-9.521638870239258
2212504700,91.47118377685547,35.78607177734375,0.012827999889850616,-0.032756999135017395,0.000838999985717237,0.06639999896287918,-1.083948016166687,-9.497112274169922
2212514700,91.46785736083984,35.781494140625,0.014201999641954899,-0.023747000843286514,-0.005878999829292297,0.08135499805212021,-1.1168489456176758,-9.528817176818848
2212524700,91.46887969970703,35.78607177734375,0.017562000080943108,-0.032756999135017395,-0.0011449999874457717,0.06580200046300888,-1.0983049869537354,-9.530014038085938
2212534700,91.47248077392578,35.781494140625,0.011834999546408653,-0.028023000806570053,0.0017559999832883477,0.11246199905872345,-1.0582250356674194,-9.522834777832031
2212544700,91.47016906738281,35.781494140625,0.02275400049984455,-0.02893899939954281,0.006566000171005726,0.09930200129747391,-1.0833499431610107,-9.548558235168457
2212554700,91.47450256347656,35.7906494140625,0.00992599967867136,-0.026114000007510185,0.0017559999832883477,0.06819500029087067,-1.0935189723968506,-9.509077072143555
2212564700,91.47118377685547,35.78607177734375,0.00901000015437603,-0.028480999171733856,-0.006413999944925308,0.11186400055885315,-1.1198400259017944,-9.505487442016602
2212575700,91.47118377685547,35.78607177734375,0.007559000048786402,-0.02993199974298477,0.001297999988310039,0.0819540023803711,-1.0660020112991333,-9.488738059997559
2212585700,91.47579956054688,35.78607177734375,0.008551999926567078,-0.028480999171733856,0.00030499999411404133,0.08494500070810318,-1.1288139820098877,-9.515657424926758
2212595700,91.47477722167969,35.781494140625,0.014201999641954899,-0.028023000806570053,0.003206999972462654,0.055633001029491425,-1.1228320598602295,-9.525228500366211
2212605700,91.46685028076172,35.77691650390625,0.011834999546408653,-0.023289000615477562,0.003206999972462654,0.07238200306892395,-1.09471595287323,-9.513263702392578
2212615700,91.46656799316406,35.78607177734375,0.008016999810934067,-0.023747000843286514,-0.0035119999665766954,0.09152500331401825,-1.1192419528961182,-9.544968605041504
2212625700,91.47016906738281,35.781494140625,0.008475000038743019,-0.025120999664068222,0.0012209999840706587,0.08075699955224991,-1.0941179990768433,-9.54257583618164
2212635700,91.46656799316406,35.78607177734375,0.014125999994575977,-0.03229900076985359,0.002595999976620078,0.09272100031375885,-1.104287028312683,-9.522236824035645
2212645700,91.47016906738281,35.781494140625,0.010459999553859234,-0.02947399951517582,0.00030499999411404133,0.083747997879982,-1.083948016166687,-9.535996437072754
2212655700,91.47016906738281,35.781494140625,0.010383999906480312,-0.03375000134110451,-0.0006099999882280827,0.06819500029087067,-1.0815550088882446,-9.52941608428955
2212665700,91.46324920654297,35.781494140625,0.007100999820977449,-0.0275650005787611,0.024281000718474388,0.0825520008802414,-1.1449649333953857,-9.507880210876465
2212675700,91.47016906738281,35.781494140625,0.02275400049984455,-0.03375000134110451,0.02519799955189228,0.08913200348615646,-1.0642069578170776,-9.501299858093262
2212685700,91.47477722167969,35.781494140625,0.0222960002720356,-0.018936000764369965,0.017562000080943108,0.12323000282049179,-1.0917249917984009,-9.45643424987793
2212695800,91.46887969970703,35.78607177734375,0.0056500001810491085,-0.03657500073313713,0.014201999641954899,0.041873998939991,-1.1300100088119507,-9.537790298461914
2212705700,91.46988677978516,35.7906494140625,0.005115000065416098,-0.01748500019311905,0.004505000077188015,0.08913200348615646,-1.1096709966659546,-9.424131393432617
2212715700,91.46556091308594,35.781494140625,0.006031999830156565,-0.03558199852705002,0.020844999700784683,0.05922200158238411,-1.1383850574493408,-9.56770133972168
2212725700,91.46685028076172,35.77691650390625,0.00992599967867136,-0.030389999970793724,0.007482999935746193,0.06101600080728531,-1.0821540355682373,-9.497112274169922
2212735700,91.46353149414062,35.7723388671875,0.023289000615477562,-0.03611699864268303,0.019013000652194023,0.07417699694633484,-1.128214955329895,-9.492924690246582
2212745700,91.46222686767578,35.77691650390625,0.01794400066137314,-0.03420799970626831,0.01458400022238493,0.12741699814796448,-1.0642069578170776,-9.500701904296875
2212755700,91.46556091308594,35.781494140625,0.020844999700784683,-0.02275400049984455,0.013667999766767025,0.049651000648736954,-1.0965100526809692,-9.571290016174316
2212765700,91.4714584350586,35.77691650390625,0.026496000587940216,-0.028480999171733856,0.013132999651134014,0.04426699876785278,-1.1198400259017944,-9.483951568603516
2212775700,91.47016906738281,35.781494140625,0.018478000536561012,-0.028023000806570053,0.006947999820113182,0.10947100073099136,-1.0660020112991333,-9.485148429870605
2212785700,91.46887969970703,35.78607177734375,0.01603499986231327,-0.026572000235319138,0.0031300000846385956,0.04665999859571457,-1.079761028289795,-9.543771743774414
2212795700,91.4714584350586,35.77691650390625,0.019852999597787857,-0.024204999208450317,-0.0002280000044265762,0.07298099994659424,-1.1180460453033447,-9.547362327575684
2212805700,91.46556091308594,35.781494140625,0.022220000624656677,-0.0222960002720356,-0.009850000031292439,0.13878299295902252,-1.055832028388977,-9.441478729248047
2212815700,91.4714584350586,35.77691650390625,0.02275400049984455,-0.028480999171733856,-0.01458400022238493,0.07058800011873245,-1.0498499870300293,-9.54796028137207
2212825700,91.46887969970703,35.78607177734375,0.01802000030875206,-0.02703000046312809,0.02519799955189228,0.023927999660372734,-1.1587239503860474,-9.598807334899902
2212835700,91.46556091308594,35.781494140625,0.01802000030875206,-0.030848000198602676,-0.012140000239014626,0.13040800392627716,-1.1312060356140137,-9.473183631896973
2212845700,91.47016906738281,35.781494140625,0.011377000249922276,-0.03375000134110451,0.019471000880002975,0.12323000282049179,-1.0749750137329102,-9.525228500366211
2212855700,91.47219848632812,35.7906494140625,0.010459999553859234,-0.030848000198602676,-0.0030539999715983868,0.07118599861860275,-1.0612159967422485,-9.551548957824707
2212865700,91.47118377685547,35.78607177734375,0.01840200088918209,-0.026572000235319138,0.02939699962735176,0.11724799871444702,-1.11326003074646,-9.488139152526855
2212875700,91.46556091308594,35.781494140625,0.012217000126838684,-0.037491001188755035,-0.0021379999816417694,0.08913200348615646,-1.071984052658081,-9.479166030883789
2212885700,91.46656799316406,35.78607177734375,0.0056500001810491085,-0.03466600179672241,0.040010999888181686,0.0831499993801117,-1.083948016166687,-9.524031639099121
2212895700,91.46656799316406,35.78607177734375,0.02237199991941452,-0.033291999250650406,0.014201999641954899,0.0819540023803711,-1.1180460453033447,-9.534200668334961
2212905700,91.4734878540039,35.78607177734375,0.008551999926567078,-0.030848000198602676,0.012292999774217606,0.06580200046300888,-1.0749750137329102,-9.513861656188965
2212915700,91.47118377685547,35.78607177734375,0.017103999853134155,-0.03375000134110451,0.0275650005787611,0.07118599861860275,-1.0953140258789062,-9.537790298461914
2212925700,91.46222686767578,35.77691650390625,0.015118000097572803,-0.032756999135017395,-0.0012209999840706587,0.10827499628067017,-1.095911979675293,-9.508478164672852
2212935700,91.47118377685547,35.78607177734375,0.019852999597787857,-0.02993199974298477,0.005954999942332506,0.04007900133728981,-1.0899300575256348,-9.54796028137207
2212945700,91.47118377685547,35.78607177734375,0.0009159999899566174,-0.026114000007510185,0.016568999737501144,0.06460600346326828,-1.1024930477142334,-9.498907089233398
2212955700,91.46785736083984,35.781494140625,0.012751000002026558,-0.018478000536561012,-0.00496299983933568,0.09930200129747391,-1.0576269626617432,-9.504290580749512
2212965700,91.4714584350586,35.77691650390625,0.021761000156402588,-0.02038699947297573,-0.0035880000796169043,0.057427000254392624,-1.0911270380020142,-9.522236824035645
2212975700,91.47118377685547,35.78607177734375,-0.014888999983668327,-0.02939699962735176,0.008321999572217464,0.0628110021352768,-1.1234300136566162,-9.505487442016602
2212985700,91.4642562866211,35.78607177734375,0.007023999933153391,-0.025655999779701233,-0.018936000764369965,0.09152500331401825,-1.083948016166687,-9.475577354431152
2212995700,91.47016906738281,35.781494140625,0.0004579999949783087,-0.03184099867939949,0.01802000030875206,0.023927999660372734,-1.0875370502471924,-9.519844055175781
2213005700,91.46887969970703,35.78607177734375,0.011377000249922276,-0.025655999779701233,0.0055740000680089,0.03409700095653534,-1.1126619577407837,-9.485148429870605
2213015700,91.46556091308594,35.781494140625,0.01320900022983551,-0.026038000360131264,0.01030800025910139,0.09152500331401825,-1.0971089601516724,-9.511468887329102
2213025700,91.4734878540039,35.78607177734375,0.01840200088918209,-0.028480999171733856,0.00977300014346838,0.12921200692653656,-1.0923229455947876,-9.45942497253418
2213035700,91.4734878540039,35.78607177734375,0.00901000015437603,-0.0275650005787611,-0.005421000067144632,0.05922200158238411,-1.1641080379486084,-9.540183067321777
2213045700,91.47016906738281,35.781494140625,0.010459999553859234,-0.03657500073313713,0.035277001559734344,0.07058800011873245,-1.0977070331573486,-9.438488006591797
2213055700,91.46988677978516,35.7906494140625,0.000838999985717237,-0.03420799970626831,0.005038999952375889,0.13698899745941162,-1.06659996509552,-9.46241569519043
2213065700,91.46988677978516,35.7906494140625,0.02267800085246563,-0.020844999700784683,0.023212000727653503,0.06699900329113007,-1.0971089601516724,-9.530611991882324
2213075700,91.46988677978516,35.7906494140625,0.01320900022983551,-0.028023000806570053,0.023670999333262444,0.1220329999923706,-1.0845459699630737,-9.514459609985352
2213085700,91.46988677978516,35.7906494140625,0.006031999830156565,-0.026114000007510185,-0.0031300000846385956,0.02811500057578087,-1.1431699991226196,-9.488738059997559
2213095700,91.46195983886719,35.78607177734375,0.008933000266551971,-0.018478000536561012,0.009314999915659428,0.07956100255250931,-1.1180460453033447,-9.486943244934082
2213105700,91.46324920654297,35.781494140625,0.001297999988310039,-0.012292999774217606,-0.002672000089660287,0.11784599721431732,-1.0821540355682373,-9.513861656188965
2213115700,91.46785736083984,35.781494140625,0.012751000002026558,-0.030389999970793724,0.0016789999790489674,0.05264199897646904,-1.1078760623931885,-9.477970123291016
2213125700,91.46556091308594,35.781494140625,0.017026999965310097,-0.025578999891877174,0.0011449999874457717,0.06400799751281738,-1.1192419528961182,-9.494720458984375
2213135700,91.46324920654297,35.781494140625,-0.005803000181913376,-0.030848000198602676,0.005497000180184841,0.07178399711847305,-1.0935189723968506,-9.504888534545898
2213145700,91.47118377685547,35.78607177734375,0.016493000090122223,-0.03657500073313713,-0.004046000074595213,0.06400799751281738,-1.0863410234451294,-9.537192344665527
2213155700,91.46859741210938,35.79522705078125,0.007482999935746193,-0.032756999135017395,0.007864000275731087,0.025124000385403633,-1.0923229455947876,-9.506085395812988
2213165700,91.46353149414062,35.7723388671875,0.0061079999431967735,-0.029854999855160713,-0.010765999555587769,0.056230999529361725,-1.082751989364624,-9.501897811889648
2213175700,91.47248077392578,35.781494140625,0.007406000047922134,-0.032756999135017395,0.015957999974489212,0.06400799751281738,-1.1096709966659546,-9.511468887329102
2213185700,91.46685028076172,35.77691650390625,0.02076900005340576,-0.026038000360131264,-0.001297999988310039,0.10767699778079987,-1.0923229455947876,-9.501299858093262
2213195700,91.4609375,35.781494140625,0.01030800025910139,-0.03420799970626831,0.026572000235319138,0.06819500029087067,-1.080957055091858,-9.534798622131348
2213205700,91.47118377685547,35.78607177734375,0.01794400066137314,-0.03657500073313713,0.01030800025910139,0.09032899886369705,-1.11326003074646,-9.503093719482422
2213215700,91.47016906738281,35.781494140625,0.008016999810934067,-0.03184099867939949,0.01802000030875206,0.07597199827432632,-1.1060819625854492,-9.515058517456055
2213225700,91.46785736083984,35.781494140625,0.020921999588608742,-0.04092700034379959,0.026189999654889107,0.08913200348615646,-1.1018940210342407,-9.510870933532715
2213235700,91.46556091308594,35.781494140625,0.014659999869763851,-0.025120999664068222,0.009314999915659428,0.06759700179100037,-1.1246260404586792,-9.494120597839355
2213245700,91.46887969970703,35.78607177734375,0.012751000002026558,-0.0222960002720356,-0.0012209999840706587,0.08733800053596497,-1.1210370063781738,-9.5324068069458
2213255700,91.4734878540039,35.78607177734375,0.008475000038743019,-0.030389999970793724,0.010231000371277332,0.08494500070810318,-1.0869389772415161,-9.521040916442871
2213265700,91.47118377685547,35.78607177734375,0.018936000764369965,-0.023670999333262444,-0.015042000450193882,0.07896299660205841,-1.0935189723968506,-9.492924690246582
2213275700,91.46914672851562,35.77691650390625,0.006566000171005726,-0.028480999171733856,0.0012209999840706587,0.07477500289678574,-1.0683950185775757,-9.530611991882324
2213285700,91.4642562866211,35.78607177734375,0.018478000536561012,-0.02275400049984455,0.0031300000846385956,0.09092699736356735,-1.0887340307235718,-9.518648147583008
2213295700,91.46656799316406,35.78607177734375,0.010919000022113323,-0.03375000134110451,-0.02977900020778179,0.09212300181388855,-1.06659996509552,-9.525228500366211
2213305700,91.46453857421875,35.77691650390625,0.0004579999949783087,-0.041843999177217484,0.03138300031423569,0.056230999529361725,-1.0935189723968506,-9.541977882385254
2213315700,91.46758270263672,35.7906494140625,0.013667999766767025,-0.02893899939954281,0.007864000275731087,0.0831499993801117,-1.1174479722976685,-9.501299858093262
2213325700,91.46453857421875,35.77691650390625,0.012217000126838684,-0.026572000235319138,0.021302999928593636,0.10528399795293808,-1.0821540355682373,-9.525228500366211
2213335700,91.46556091308594,35.781494140625,0.013667999766767025,-0.03184099867939949,0.027488000690937042,0.10109599679708481,-1.0857429504394531,-9.565905570983887
2213345700,91.47118377685547,35.78607177734375,0.0041229999624192715,-0.02993199974298477,0.005878999829292297,0.07716800272464752,-1.0983049869537354,-9.506684303283691
2213355700,91.46785736083984,35.781494140625,0.014049000106751919,-0.03558199852705002,0.02741199918091297,0.08075699955224991,-1.0438679456710815,-9.521040916442871
2213365700,91.46785736083984,35.781494140625,0.013286000117659569,-0.026114000007510185,-0.0030539999715983868,0.09451600164175034,-1.083948016166687,-9.510870933532715
2213375700,91.46556091308594,35.781494140625,0.01992899924516678,-0.033291999250650406,0.012292999774217606,0.05264199897646904,-1.116250991821289,-9.503093719482422
2213385700,91.47219848632812,35.7906494140625,0.014125999994575977,-0.03657500073313713,0.02031099982559681,0.07537300139665604,-1.0677969455718994,-9.452844619750977
2213395700,91.47016906738281,35.781494140625,0.012217000126838684,-0.020844999700784683,0.0031300000846385956,0.017945999279618263,-1.1234300136566162,-9.548558235168457
2213405700,91.46453857421875,35.77691650390625,0.025120999664068222,-0.019852999597787857,-0.008856999687850475,0.13698899745941162,-1.0695910453796387,-9.440282821655273
2213415700,91.46685028076172,35.77691650390625,0.004656999837607145,-0.02703000046312809,0.0012209999840706587,0.05383799970149994,-1.132403016090393,-9.53958511352539
2213425700,91.47016906738281,35.781494140625,0.0022140000946819782,-0.023670999333262444,-0.025120999664068222,0.09391800314188004,-1.0917249917984009,-9.47378158569336
2213435700,91.46453857421875,35.77691650390625,0.011758999899029732,-0.030389999970793724,0.01840200088918209,0.1435689926147461,-1.1054840087890625,-9.508478164672852
2213445700,91.46785736083984,35.781494140625,0.009850000031292439,-0.02703000046312809,-0.013132999651134014,0.11485499888658524,-1.0761710405349731,-9.473183631896973
2213455700,91.46556091308594,35.781494140625,0.01794400066137314,-0.02939699962735176,0.02275400049984455,0.0077760000713169575,-1.1258230209350586,-9.568897247314453
2213465700,91.4734878540039,35.78607177734375,0.02466299943625927,-0.030389999970793724,0.027946999296545982,0.004784999880939722,-1.1294119358062744,-9.525825500488281
2213475700,91.46785736083984,35.781494140625,0.002747999969869852,-0.019852999597787857,-0.008856999687850475,0.11964099854230881,-1.0677969455718994,-9.501299858093262
2213485700,91.46324920654297,35.781494140625,0.01840200088918209,-0.02893899939954281,0.01603499986231327,0.08793599903583527,-1.0815550088882446,-9.486943244934082
2213495700,91.46785736083984,35.781494140625,0.017026999965310097,-0.023670999333262444,-0.006947999820113182,0.05862399935722351,-1.1222330331802368,-9.504290580749512
2213505700,91.46887969970703,35.78607177734375,0.008016999810934067,-0.025655999779701233,0.01130099967122078,0.102292999625206,-1.144366979598999,-9.46899700164795
2213515700,91.47579956054688,35.78607177734375,0.009468000382184982,-0.03420799970626831,0.003206999972462654,0.04665999859571457,-1.0791620016098022,-9.5324068069458
2213525700,91.46656799316406,35.78607177734375,0.008475000038743019,-0.028023000806570053,0.004046000074595213,0.05264199897646904,-1.1114660501480103,-9.5324068069458
2213535700,91.46785736083984,35.781494140625,0.02267800085246563,-0.030848000198602676,-0.011223999783396721,0.031106000766158104,-1.1318049430847168,-9.559326171875
2213545700,91.46324920654297,35.781494140625,0.003283000085502863,-0.03611699864268303,0.0022140000946819782,0.08853399753570557,-1.112064003944397,-9.487541198730469
2213555700,91.46887969970703,35.78607177734375,0.00992599967867136,-0.0222960002720356,-0.005421000067144632,0.04905200004577637,-1.1192419528961182,-9.467202186584473
2213565700,91.46887969970703,35.78607177734375,0.008475000038743019,-0.03130599856376648,0.004046000074595213,0.025124000385403633,-1.1449649333953857,-9.507880210876465
2213575700,91.46324920654297,35.781494140625,0.001297999988310039,-0.028480999171733856,-0.004046000074595213,0.0843459963798523,-1.0677969455718994,-9.503692626953125
2213585700,91.46887969970703,35.78607177734375,0.008933000266551971,-0.028023000806570053,0.004046000074595213,0.07118599861860275,-1.095911979675293,-9.509077072143555
2213595700,91.46785736083984,35.781494140625,0.01603499986231327,-0.028480999171733856,-0.0016789999790489674,0.03469499945640564,-1.1270190477371216,-9.496514320373535
2213605700,91.46887969970703,35.78607177734375,0.021761000156402588,-0.024204999208450317,0.016493000090122223,0.05982000008225441,-1.1276170015335083,-9.537790298461914
2213615700,91.47118377685547,35.78607177734375,0.012217000126838684,-0.023670999333262444,-0.005497000180184841,0.07896299660205841,-1.0851449966430664,-9.521040916442871
2213625700,91.46785736083984,35.781494140625,0.010383999906480312,-0.027488000690937042,0.023670999333262444,0.08853399753570557,-1.062412977218628,-9.555736541748047
2213635700,91.46453857421875,35.77691650390625,0.01603499986231327,-0.035124000161886215,0.008399000391364098,0.03170400112867355,-1.124027967453003,-9.559924125671387
2213645700,91.4642562866211,35.78607177734375,0.000838999985717237,-0.024204999208450317,0.006413999944925308,0.043069999665021896,-1.1557329893112183,-9.492924690246582
2213655700,91.46629333496094,35.79522705078125,0.0017559999832883477,-0.030848000198602676,0.024128999561071396,0.05862399935722351,-1.0917249917984009,-9.487541198730469
2213665700,91.4609375,35.781494140625,0.005115000065416098,-0.02893899939954281,-0.0002280000044265762,0.11844400316476822,-1.0785640478134155,-9.530014038085938
2213675700,91.46914672851562,35.77691650390625,0.00939099956303835,-0.03130599856376648,0.015042000450193882,0.03349899873137474,-1.1048849821090698,-9.533004760742188
2213685700,91.46556091308594,35.781494140625,0.006566000171005726,-0.03130599856376648,-0.0012209999840706587,0.10648000240325928,-1.14137601852417,-9.524629592895508
2213695700,91.47118377685547,35.78607177734375,0.006031999830156565,-0.033291999250650406,0.012675000354647636,0.09092699736356735,-1.0887340307235718,-9.525228500366211
2213705700,91.47016906738281,35.781494140625,0.00939099956303835,-0.03420799970626831,0.02076900005340576,0.08075699955224991,-1.1096709966659546,-9.501299858093262
2213715700,91.47579956054688,35.78607177734375,0.012751000002026558,-0.025578999891877174,-0.012217000126838684,0.019740000367164612,-1.1168489456176758,-9.519844055175781
2213725700,91.47016906738281,35.781494140625,0.005115000065416098,-0.03375000134110451,0.009314999915659428,0.08135499805212021,-1.0408769845962524,-9.503692626953125
2213735700,91.47118377685547,35.78607177734375,0.00030499999411404133,-0.03130599856376648,0.00015199999324977398,-0.0017940000398084521,-1.1461620330810547,-9.474381446838379
2213745700,91.46556091308594,35.781494140625,0.013590999878942966,-0.02893899939954281,0.018324999138712883,0.07298099994659424,-1.0917249917984009,-9.512665748596191
2213755700,91.4642562866211,35.78607177734375,0.015576999634504318,-0.02993199974298477,0.015576999634504318,0.07776600122451782,-1.06659996509552,-9.516255378723145
2213765700,91.46887969970703,35.78607177734375,0.016568999737501144,-0.018936000764369965,-0.009314999915659428,0.061615001410245895,-1.1318049430847168,-9.518050193786621
2213775700,91.4734878540039,35.78607177734375,-0.002061000093817711,-0.03558199852705002,-0.031000999733805656,0.04067699983716011,-1.1192419528961182,-9.510272979736328
2213785700,91.46222686767578,35.77691650390625,0.015042000450193882,-0.03657500073313713,0.013057000003755093,0.09212300181388855,-1.095911979675293,-9.483353614807129
2213795700,91.46887969970703,35.78607177734375,0.016951000317931175,-0.023670999333262444,-0.017562000080943108,0.04606100171804428,-1.080957055091858,-9.501897811889648
2213805700,91.46656799316406,35.78607177734375,0.011223999783396721,-0.030389999970793724,0.02932099997997284,0.10707800090312958,-1.0701889991760254,-9.510272979736328
2213815700,91.46222686767578,35.77691650390625,0.01030800025910139,-0.03558199852705002,0.0025190000887960196,0.042472001165151596,-1.0755729675292969,-9.551548957824707
2213825700,91.47248077392578,35.781494140625,0.018324999138712883,-0.02993199974298477,0.010154999792575836,0.08853399753570557,-1.0851449966430664,-9.541379928588867
2213835900,91.46656799316406,35.78607177734375,0.019852999597787857,-0.02939699962735176,0.007864000275731087,0.07896299660205841,-1.0971089601516724,-9.44925594329834
2213845700,91.47118377685547,35.78607177734375,0.012751000002026558,-0.017026999965310097,0.016951000317931175,0.09331999719142914,-1.1168489456176758,-9.525825500488281
2213855700,91.46656799316406,35.78607177734375,0.016951000317931175,-0.030389999970793724,0.032680999487638474,0.09631100296974182,-1.1090730428695679,-9.503093719482422
2213865700,91.46453857421875,35.77691650390625,0.02450999990105629,-0.0336729995906353,-0.023289000615477562,0.083747997879982,-1.104287028312683,-9.509077072143555
2213875700,91.47219848632812,35.7906494140625,0.021761000156402588,-0.03375000134110451,0.016493000090122223,0.08673900365829468,-1.104287028312683,-9.508478164672852
2213885700,91.46887969970703,35.78607177734375,0.03222300112247467,-0.020844999700784683,0.004505000077188015,0.09631100296974182,-1.1036889553070068,-9.528817176818848
2213895700,91.46785736083984,35.781494140625,0.0016789999790489674,-0.018936000764369965,0.00633700005710125,0.083747997879982,-1.1192419528961182,-9.498309135437012
2213905700,91.46758270263672,35.7906494140625,0.017409000545740128,-0.026496000587940216,0.013057000003755093,0.09032899886369705,-1.1102689504623413,-9.517451286315918
2213915700,91.46887969970703,35.78607177734375,0.012292999774217606,-0.018936000764369965,0.0012209999840706587,0.08075699955224991,-1.1078760623931885,-9.538987159729004
2213925700,91.46656799316406,35.78607177734375,0.019852999597787857,-0.029854999855160713,0.015576999634504318,0.09092699736356735,-1.0863410234451294,-9.510870933532715
2213935700,91.46988677978516,35.7906494140625,0.02267800085246563,-0.025120999664068222,0.004505000077188015,0.09391800314188004,-1.0630110502243042,-9.5324068069458
2213945700,91.47810363769531,35.78607177734375,0.01748500019311905,-0.029854999855160713,0.0021379999816417694,0.08853399753570557,-1.0965100526809692,-9.500102996826172
2213955700,91.46685028076172,35.77691650390625,0.01748500019311905,-0.021761000156402588,0.004505000077188015,0.08793599903583527,-1.1090730428695679,-9.520442008972168
2213965700,91.46988677978516,35.7906494140625,0.01320900022983551,-0.027488000690937042,0.01549999974668026,0.07836399972438812,-1.1018940210342407,-9.533004760742188
2213975700,91.46887969970703,35.78607177734375,0.009314999915659428,-0.03130599856376648,-0.000838999985717237,0.09810499846935272,-1.0995010137557983,-9.495318412780762
2213985700,91.46887969970703,35.78607177734375,0.019317999482154846,-0.027488000690937042,0.023593999445438385,0.09631100296974182,-1.0881359577178955,-9.528219223022461
2213995700,91.47016906738281,35.781494140625,0.00977300014346838,-0.03466600179672241,0.015424000099301338,0.10707800090312958,-1.098902940750122,-9.525825500488281
2214005700,91.46887969970703,35.78607177734375,0.014049000106751919,-0.02466299943625927,0.018324999138712883,0.08075699955224991,-1.0965100526809692,-9.523432731628418
2214015700,91.46195983886719,35.78607177734375,0.024128999561071396,-0.028023000806570053,0.021302999928593636,0.06639999896287918,-1.1138579845428467,-9.487541198730469
2214025700,91.46785736083984,35.781494140625,0.006566000171005726,-0.03947699815034866,-0.00419900007545948,0.1016940027475357,-1.095911979675293,-9.522834777832031
2214035700,91.46556091308594,35.781494140625,0.015042000450193882,-0.030389999970793724,0.019700000062584877,0.05383799970149994,-1.1174479722976685,-9.524629592895508
2214045700,91.46324920654297,35.781494140625,0.013667999766767025,-0.03657500073313713,0.010765999555587769,0.11904200166463852,-1.11326003074646,-9.52941608428955
2214055700,91.46324920654297,35.781494140625,0.023212000727653503,-0.030848000198602676,-0.004046000074595213,0.09152500331401825,-1.0594220161437988,-9.535398483276367
2214065700,91.46685028076172,35.77691650390625,0.002672000089660287,-0.02703000046312809,0.006794999819248915,0.07597199827432632,-1.1192419528961182,-9.473183631896973
2214075700,91.46887969970703,35.78607177734375,0.007406000047922134,-0.020844999700784683,-0.000838999985717237,0.05383799970149994,-1.1036889553070068,-9.504888534545898
2214085700,91.46556091308594,35.781494140625,0.01030800025910139,-0.023212000727653503,0.0006099999882280827,0.05443599820137024,-1.1108670234680176,-9.57787036895752
2214095700,91.4642562866211,35.78607177734375,0.002672000089660287,-0.03466600179672241,0.0048859999515116215,0.055633001029491425,-1.1066800355911255,-9.476175308227539
2214105700,91.46785736083984,35.781494140625,0.010842000134289265,-0.030389999970793724,-0.005038999952375889,0.05144499987363815,-1.1246260404586792,-9.503692626953125
2214115700,91.46887969970703,35.78607177734375,0.001297999988310039,-0.02893899939954281,0.0021379999816417694,0.1214350014925003,-1.0193419456481934,-9.503692626953125
2214125700,91.4642562866211,35.78607177734375,0.014049000106751919,-0.024204999208450317,0.01206399966031313,0.05084700137376785,-1.1222330331802368,-9.498907089233398
2214135700,91.47016906738281,35.781494140625,0.008856999687850475,-0.01840200088918209,0.002061000093817711,0.09272100031375885,-1.0498499870300293,-9.500701904296875
2214145700,91.46887969970703,35.78607177734375,0.014659999869763851,-0.039935000240802765,0.027946999296545982,-0.006579999811947346,-1.1294119358062744,-9.46899700164795
2214155700,91.46656799316406,35.78607177734375,0.010842000134289265,-0.0222960002720356,-0.006490000057965517,0.13698899745941162,-1.0893319845199585,-9.534200668334961
2214165700,91.46758270263672,35.7906494140625,0.02023399993777275,-0.025578999891877174,0.007329999934881926,0.025722000747919083,-1.1126619577407837,-9.500102996826172
2214175700,91.47248077392578,35.781494140625,0.021685000509023666,-0.027946999296545982,0.007788000162690878,0.04665999859571457,-1.1641080379486084,-9.563512802124023
2214185700,91.46758270263672,35.7906494140625,0.008856999687850475,-0.02703000046312809,0.0006099999882280827,0.10049799829721451,-1.050449013710022,-9.481558799743652
2214195700,91.46887969970703,35.78607177734375,0.01030800025910139,-0.019852999597787857,0.013057000003755093,0.0017940000398084521,-1.1006979942321777,-9.522236824035645
2214205700,91.4642562866211,35.78607177734375,0.008856999687850475,-0.02466299943625927,-0.002747999969869852,0.10707800090312958,-1.112064003944397,-9.527023315429688
2214215700,91.4609375,35.781494140625,0.005497000180184841,-0.027488000690937042,-0.007559000048786402,0.13758699595928192,-1.054636001586914,-9.500102996826172
2214225700,91.46887969970703,35.78607177734375,0.0041229999624192715,-0.026038000360131264,-0.003664999967440963,-0.0077760000713169575,-1.1186439990997314,-9.493522644042969
2214235700,91.46527862548828,35.7906494140625,0.018859999254345894,-0.025120999664068222,0.0016029999824240804,0.06041799858212471,-1.1497509479522705,-9.5653076171875
2214245700,91.46785736083984,35.781494140625,0.02977900020778179,-0.028480999171733856,0.02260199934244156,0.09032899886369705,-1.070788025856018,-9.490531921386719
2214255700,91.46988677978516,35.7906494140625,-0.0016029999824240804,-0.03848399966955185,0.00015199999324977398,0.057427000254392624,-1.0899300575256348,-9.46780014038086
2214265700,91.46887969970703,35.78607177734375,0.01786700077354908,-0.027488000690937042,0.019241999834775925,0.021534999832510948,-1.1347960233688354,-9.519844055175781
2214275700,91.46195983886719,35.78607177734375,0.01458400022238493,-0.025578999891877174,0.039400000125169754,0.12083700299263,-1.0971089601516724,-9.559326171875
2214285700,91.47118377685547,35.78607177734375,0.015042000450193882,-0.02893899939954281,-0.005115000065416098,0.02691899985074997,-1.0713859796524048,-9.494120597839355
2214295700,91.4734878540039,35.78607177734375,0.016416000202298164,-0.04321800172328949,0.02741199918091297,0.037686001509428024,-1.1407780647277832,-9.46780014038086
2214305700,91.47118377685547,35.78607177734375,0.02214300073683262,-0.032756999135017395,0.009696999564766884,0.12382800132036209,-1.082751989364624,-9.546165466308594
2214315700,91.46988677978516,35.7906494140625,0.019317999482154846,-0.030389999970793724,0.020692000165581703,0.04546299949288368,-1.0743770599365234,-9.517451286315918
2214325700,91.46785736083984,35.781494140625,0.01030800025910139,-0.03466600179672241,0.018783999606966972,0.00837399996817112,-1.11326003074646,-9.482156753540039
2214335700,91.47219848632812,35.7906494140625,0.008856999687850475,-0.026038000360131264,0.0044280001893639565,0.1417739987373352,-1.0677969455718994,-9.509077072143555
2214345700,91.46453857421875,35.77691650390625,0.005497000180184841,-0.030314000323414803,0.025503000244498253,0.05144499987363815,-1.0660020112991333,-9.479763984680176
2214355700,91.46785736083984,35.781494140625,0.010765999555587769,-0.025120999664068222,-0.008933000266551971,0.09690900146961212,-1.0911270380020142,-9.541379928588867
2214365700,91.46988677978516,35.7906494140625,0.018859999254345894,-0.02466299943625927,0.010154999792575836,0.14775599539279938,-1.0660020112991333,-9.510870933532715
2214375700,91.47477722167969,35.781494140625,0.02076900005340576,-0.028023000806570053,-0.006566000171005726,0.06759700179100037,-1.0965100526809692,-9.503093719482422
2214385700,91.47219848632812,35.7906494140625,0.016951000317931175,-0.032756999135017395,-0.003206999972462654,0.10707800090312958,-1.0642069578170776,-9.515058517456055
2214395700,91.46887969970703,35.78607177734375,0.023593999445438385,-0.02031099982559681,-0.0003809999907389283,0.0843459963798523,-1.0755729675292969,-9.541379928588867
2214405700,91.47118377685547,35.78607177734375,0.013132999651134014,-0.02275400049984455,0.005421000067144632,0.13459600508213043,-1.080957055091858,-9.528817176818848
2214415700,91.46556091308594,35.781494140625,0.018859999254345894,-0.025120999664068222,-0.012751000002026558,0.08554299920797348,-1.1126619577407837,-9.53659439086914
2214425700,91.46324920654297,35.781494140625,0.021227000281214714,-0.0332150012254715,0.0035119999665766954,0.061615001410245895,-1.1054840087890625,-9.500701904296875
2214435700,91.46988677978516,35.7906494140625,0.025578999891877174,-0.028480999171733856,0.006413999944925308,0.08913200348615646,-1.1210370063781738,-9.498309135437012
2214445700,91.47090911865234,35.79522705078125,0.007023999933153391,-0.028023000806570053,0.0031300000846385956,0.11186400055885315,-1.0408769845962524,-9.492924690246582
2214455700,91.46685028076172,35.77691650390625,0.016951000317931175,-0.025578999891877174,0.014507999643683434,0.024526000022888184,-1.1048849821090698,-9.513263702392578
2214465700,91.47118377685547,35.78607177734375,0.0022140000946819782,-0.019852999597787857,-0.00030499999411404133,0.11605100333690643,-1.1078760623931885,-9.504888534545898
2214475700,91.46222686767578,35.77691650390625,0.02076900005340576,-0.023670999333262444,0.010154999792575836,0.09989999979734421,-1.1102689504623413,-9.5324068069458
2214485700,91.46785736083984,35.781494140625,0.017409000545740128,-0.029854999855160713,-0.008016999810934067,0.04486500099301338,-1.1066800355911255,-9.517451286315918
2214495700,91.47579956054688,35.78607177734375,0.00977300014346838,-0.030848000198602676,-0.00419900007545948,0.10767699778079987,-1.0971089601516724,-9.519246101379395
2214505700,91.4642562866211,35.78607177734375,0.009314999915659428,-0.03558199852705002,-0.0055740000680089,0.07298099994659424,-1.1138579845428467,-9.471389770507812
2214515700,91.46887969970703,35.78607177734375,0.016416000202298164,-0.026114000007510185,0.0044280001893639565,0.09092699736356735,-1.098902940750122,-9.502495765686035
2214525700,91.46887969970703,35.78607177734375,0.02260199934244156,-0.02893899939954281,-0.01473699975758791,0.09391800314188004,-1.0941179990768433,-9.537790298461914
2214535700,91.47016906738281,35.781494140625,0.018859999254345894,-0.02993199974298477,0.02695400081574917,0.07357899844646454,-1.0941179990768433,-9.521638870239258
2214545700,91.46988677978516,35.7906494140625,0.005038999952375889,-0.02466299943625927,-0.000838999985717237,0.08853399753570557,-1.1108670234680176,-9.498309135437012
2214555700,91.4734878540039,35.78607177734375,0.012217000126838684,-0.01992899924516678,0.0002280000044265762,0.09750699996948242,-1.1347960233688354,-9.527023315429688
2214565700,91.47450256347656,35.7906494140625,0.01320900022983551,-0.023747000843286514,0.012675000354647636,0.08973000198602676,-1.1054840087890625,-9.527023315429688
2214575700,91.46785736083984,35.781494140625,0.014049000106751919,-0.028480999171733856,0.008781000040471554,0.08733800053596497,-1.063609004020691,-9.505487442016602
2214585700,91.4734878540039,35.78607177734375,0.01549999974668026,-0.020844999700784683,-0.00992599967867136,0.07956100255250931,-1.120439052581787,-9.510870933532715
2214595700,91.46656799316406,35.78607177734375,0.024586999788880348,-0.03130599856376648,0.01259899977594614,0.08554299920797348,-1.079761028289795,-9.512665748596191
2214605700,91.4734878540039,35.78607177734375,0.006947999820113182,-0.02703000046312809,0.021151000633835793,0.09989999979734421,-1.0923229455947876,-9.556933403015137
2214615700,91.46556091308594,35.781494140625,0.016493000090122223,-0.024128999561071396,-0.011377000249922276,0.041873998939991,-1.1264209747314453,-9.44626522064209
2214625700,91.46988677978516,35.7906494140625,0.015957999974489212,-0.03604099899530411,0.016875000670552254,0.08015900105237961,-1.1347960233688354,-9.495318412780762
2214635700,91.46656799316406,35.78607177734375,0.006947999820113182,-0.028480999171733856,0.003969999961555004,0.07477500289678574,-1.0995010137557983,-9.495916366577148
2214645700,91.46656799316406,35.78607177734375,-0.005421000067144632,-0.03558199852705002,0.018324999138712883,0.04366900026798248,-1.1270190477371216,-9.525825500488281
2214655700,91.46656799316406,35.78607177734375,0.005954999942332506,-0.024128999561071396,0.005878999829292297,0.0825520008802414,-1.100100040435791,-9.490531921386719
2214665700,91.46685028076172,35.77691650390625,0.010765999555587769,-0.028480999171733856,-0.005115000065416098,0.1016940027475357,-1.065403938293457,-9.508478164672852
2214675700,91.47321319580078,35.79522705078125,0.017026999965310097,-0.025655999779701233,0.005038999952375889,0.07537300139665604,-1.082751989364624,-9.509077072143555
2214685700,91.46887969970703,35.78607177734375,0.018936000764369965,-0.023212000727653503,0.0030539999715983868,0.035891998559236526,-1.1156530380249023,-9.505487442016602
2214695700,91.46527862548828,35.7906494140625,0.019317999482154846,-0.02993199974298477,0.0016029999824240804,0.09870299696922302,-1.0893319845199585,-9.515657424926758
2214705700,91.46758270263672,35.7906494140625,0.02695400081574917,-0.026572000235319138,0.01259899977594614,0.04845400154590607,-1.0773680210113525,-9.451050758361816
2214715700,91.46758270263672,35.7906494140625,0.0041229999624192715,-0.037491001188755035,0.0010689999908208847,0.07956100255250931,-1.1264209747314453,-9.514459609985352
2214725700,91.46656799316406,35.78607177734375,0.008856999687850475,-0.014125999994575977,-0.004656999837607145,0.03349899873137474,-1.1006979942321777,-9.505487442016602
2214735700,91.47016906738281,35.781494140625,0.02023399993777275,-0.029854999855160713,0.0035119999665766954,0.1226319968700409,-1.082751989364624,-9.509077072143555
2214745800,91.4642562866211,35.78607177734375,0.016951000317931175,-0.03130599856376648,0.003969999961555004,0.058024998754262924,-1.104287028312683,-9.513861656188965
2214755700,91.46222686767578,35.77691650390625,0.011682000011205673,-0.026572000235319138,0.011606000363826752,0.07956100255250931,-1.1012959480285645,-9.537192344665527
2214765700,91.46656799316406,35.78607177734375,0.02450999990105629,-0.03130599856376648,-0.01992899924516678,0.022133000195026398,-1.0803589820861816,-9.538389205932617
2214775700,91.46556091308594,35.781494140625,0.023593999445438385,-0.032756999135017395,0.030314000323414803,0.06520400196313858,-1.071984052658081,-9.464210510253906
2214785700,91.46758270263672,35.7906494140625,0.01549999974668026,-0.030848000198602676,0.01786700077354908,0.10049799829721451,-1.0863410234451294,-9.504888534545898
2214795700,91.47118377685547,35.78607177734375,0.014507999643683434,-0.023670999333262444,-0.0017559999832883477,0.061615001410245895,-1.0725820064544678,-9.491129875183105
2214805700,91.47477722167969,35.781494140625,0.018324999138712883,-0.03130599856376648,0.02214300073683262,0.04785599932074547,-1.053439974784851,-9.521638870239258
2214815700,91.47219848632812,35.7906494140625,0.017409000545740128,-0.015576999634504318,-0.010383999906480312,0.04665999859571457,-1.1593220233917236,-9.519844055175781
2214825700,91.47477722167969,35.781494140625,0.005954999942332506,-0.027488000690937042,0.02260199934244156,0.011365000158548355,-1.0887340307235718,-9.521638870239258
2214835700,91.47016906738281,35.781494140625,0.006947999820113182,-0.03229900076985359,0.010689999908208847,0.050248999148607254,-1.0977070331573486,-9.4719877243042
2214845700,91.47016906738281,35.781494140625,0.016951000317931175,-0.026114000007510185,0.002061000093817711,0.04725800082087517,-1.0468590259552002,-9.521040916442871
2214855700,91.46785736083984,35.781494140625,0.008856999687850475,-0.026496000587940216,0.007788000162690878,0.08913200348615646,-1.0151540040969849,-9.474381446838379
2214865700,91.46656799316406,35.78607177734375,0.012140000239014626,-0.025120999664068222,-0.006566000171005726,0.07298099994659424,-1.1138579845428467,-9.488738059997559
2214875700,91.46785736083984,35.781494140625,0.009314999915659428,-0.026038000360131264,-0.010383999906480312,0.05862399935722351,-1.116250991821289,-9.509675025939941
2214885700,91.46556091308594,35.781494140625,0.025961000472307205,-0.032756999135017395,0.009239000268280506,0.07357899844646454,-1.0911270380020142,-9.500102996826172
2214895700,91.4734878540039,35.78607177734375,0.01030800025910139,-0.02893899939954281,-0.003206999972462654,0.05982000008225441,-1.1090730428695679,-9.513263702392578
2214905700,91.46758270263672,35.7906494140625,0.014659999869763851,-0.032756999135017395,0.035659000277519226,0.041873998939991,-1.0995010137557983,-9.474979400634766
2214915700,91.46758270263672,35.7906494140625,0.01603499986231327,-0.038026001304388046,0.011223999783396721,0.0831499993801117,-1.1102689504623413,-9.533004760742188
2214925700,91.46527862548828,35.7906494140625,0.016493000090122223,-0.0336729995906353,0.017333000898361206,0.05324000120162964,-1.0899300575256348,-9.505487442016602
2214935700,91.46785736083984,35.781494140625,0.005497000180184841,-0.037032999098300934,0.030237000435590744,0.08793599903583527,-1.1347960233688354,-9.535398483276367
2214945700,91.46527862548828,35.7906494140625,0.015957999974489212,-0.021302999928593636,-0.000838999985717237,0.06400799751281738,-1.0911270380020142,-9.544370651245117
2214955700,91.46785736083984,35.781494140625,0.0012209999840706587,-0.029854999855160713,0.02023399993777275,0.09989999979734421,-1.0857429504394531,-9.535996437072754
2214965700,91.47248077392578,35.781494140625,0.014049000106751919,-0.026572000235319138,0.0044280001893639565,0.13878299295902252,-1.050449013710022,-9.444470405578613
2214975700,91.46887969970703,35.78607177734375,0.015957999974489212,-0.02275400049984455,0.02695400081574917,0.0843459963798523,-1.0965100526809692,-9.524031639099121
2214985700,91.46887969970703,35.78607177734375,0.010765999555587769,-0.03466600179672241,0.014965999871492386,0.06520400196313858,-1.0929210186004639,-9.55394172668457
2214995700,91.4586410522461,35.781494140625,0.009314999915659428,-0.022220000624656677,0.01259899977594614,0.031106000766158104,-1.1048849821090698,-9.521638870239258
2215005700,91.46656799316406,35.78607177734375,0.006947999820113182,-0.02893899939954281,0.010689999908208847,0.04845400154590607,-1.0731799602508545,-9.510870933532715
2215015700,91.46296691894531,35.7906494140625,0.02214300073683262,-0.02703000046312809,0.002061000093817711,0.09391800314188004,-1.0737789869308472,-9.465407371520996
2215025700,91.46988677978516,35.7906494140625,0.016951000317931175,-0.02939699962735176,0.016416000202298164,0.03948099911212921,-1.0977070331573486,-9.537192344665527
2215035700,91.46324920654297,35.781494140625,0.021685000509023666,-0.02939699962735176,-0.0061079999431967735,0.06879299879074097,-1.0791620016098022,-9.500102996826172
2215045700,91.4734878540039,35.78607177734375,0.007406000047922134,-0.02275400049984455,-0.0022899999748915434,0.05084700137376785,-1.1401790380477905,-9.515657424926758
2215055700,91.46527862548828,35.7906494140625,0.005497000180184841,-0.018859999254345894,0.0025190000887960196,0.08913200348615646,-1.0863410234451294,-9.534200668334961
2215065700,91.4609375,35.781494140625,0.012217000126838684,-0.035124000161886215,-0.004656999837607145,0.10648000240325928,-1.0929210186004639,-9.487541198730469
2215075700,91.47118377685547,35.78607177734375,0.01786700077354908,-0.023212000727653503,0.019317999482154846,0.056829001754522324,-1.0845459699630737,-9.535996437072754
2215085700,91.46556091308594,35.781494140625,0.016951000317931175,-0.03611699864268303,0.01206399966031313,0.07656999677419662,-1.1024930477142334,-9.525825500488281
2215095700,91.47118377685547,35.78607177734375,0.01549999974668026,-0.025120999664068222,-0.009468000382184982,0.055633001029491425,-1.1401790380477905,-9.496514320373535
2215105700,91.46887969970703,35.78607177734375,0.019317999482154846,-0.03558199852705002,0.014049000106751919,0.10767699778079987,-1.0660020112991333,-9.488139152526855
2215115700,91.46988677978516,35.7906494140625,0.016416000202298164,-0.032756999135017395,0.005421000067144632,0.1016940027475357,-1.0677969455718994,-9.480362892150879
2215125700,91.46785736083984,35.781494140625,0.014507999643683434,-0.029854999855160713,0.021685000509023666,0.06041799858212471,-1.0911270380020142,-9.518050193786621
2215135700,91.46195983886719,35.78607177734375,0.01458400022238493,-0.037032999098300934,0.010154999792575836,0.05443599820137024,-1.0755729675292969,-9.565905570983887
2215145700,91.48013305664062,35.79522705078125,0.011682000011205673,-0.029854999855160713,0.007329999934881926,0.06101600080728531,-1.0995010137557983,-9.525228500366211
2215155700,91.46859741210938,35.79522705078125,0.013973000459372997,-0.02031099982559681,0.02489200048148632,0.09272100031375885,-1.1551350355148315,-9.517451286315918
2215165700,91.46556091308594,35.781494140625,0.018324999138712883,-0.016493000090122223,-0.0038169999606907368,0.09571199864149094,-1.079761028289795,-9.515657424926758
2215175700,91.46656799316406,35.78607177734375,0.009314999915659428,-0.028480999171733856,-0.014201999641954899,0.07956100255250931,-1.128214955329895,-9.54796028137207
2215185700,91.46656799316406,35.78607177734375,0.005038999952375889,-0.018936000764369965,0.003969999961555004,0.07238200306892395,-1.079761028289795,-9.478568077087402
2215195700,91.46324920654297,35.781494140625,0.01779099926352501,-0.02267800085246563,-0.014278000220656395,0.050248999148607254,-1.1030910015106201,-9.471389770507812
2215205700,91.47219848632812,35.7906494140625,0.020692000165581703,-0.012217000126838684,-0.025808999314904213,0.08494500070810318,-1.0881359577178955,-9.507282257080078
2215215700,91.46527862548828,35.7906494140625,0.015042000450193882,-0.030848000198602676,0.018324999138712883,0.08913200348615646,-1.1365900039672852,-9.513861656188965
2215225700,91.46988677978516,35.7906494140625,0.015957999974489212,-0.0332150012254715,-0.030007999390363693,0.05443599820137024,-1.1383850574493408,-9.519246101379395
2215235700,91.47579956054688,35.78607177734375,0.011682000011205673,-0.03848399966955185,0.03840800002217293,0.05204299837350845,-1.0929210186004639,-9.501299858093262
2215245700,91.46656799316406,35.78607177734375,0.011682000011205673,-0.030389999970793724,0.014049000106751919,0.08614099770784378,-1.0953140258789062,-9.513861656188965
2215255700,91.46556091308594,35.781494140625,0.010154999792575836,-0.03130599856376648,0.01580600067973137,0.057427000254392624,-1.079761028289795,-9.5324068069458
2215265700,91.47016906738281,35.781494140625,0.0068720001727342606,-0.032756999135017395,0.0225249994546175,0.0831499993801117,-1.0791620016098022,-9.503093719482422
2215275700,91.47118377685547,35.78607177734375,0.01458400022238493,-0.019852999597787857,0.00015199999324977398,0.08673900365829468,-1.095911979675293,-9.506684303283691
2215285700,91.46195983886719,35.78607177734375,0.011223999783396721,-0.030848000198602676,0.018324999138712883,0.1016940027475357,-1.0821540355682373,-9.503692626953125
2215295700,91.47016906738281,35.781494140625,0.013132999651134014,-0.018936000764369965,-0.0022899999748915434,0.05443599820137024,-1.1096709966659546,-9.492326736450195
2215305700,91.46222686767578,35.77691650390625,0.007864000275731087,-0.03375000134110451,0.02450999990105629,0.10528399795293808,-1.1114660501480103,-9.486345291137695
2215315700,91.46887969970703,35.78607177734375,0.014659999869763851,-0.025578999891877174,-0.004581000190228224,0.06041799858212471,-1.0893319845199585,-9.502495765686035
2215325700,91.46556091308594,35.781494140625,0.01130099967122078,-0.025120999664068222,-0.0002280000044265762,0.05443599820137024,-1.0905280113220215,-9.495916366577148
2215335700,91.47219848632812,35.7906494140625,0.012140000239014626,-0.024128999561071396,0.0068720001727342606,0.08554299920797348,-1.0725820064544678,-9.486943244934082
2215345700,91.46656799316406,35.78607177734375,0.02695400081574917,-0.019852999597787857,-0.009468000382184982,0.05144499987363815,-1.0929210186004639,-9.476175308227539
2215355700,91.4642562866211,35.78607177734375,0.023593999445438385,-0.021761000156402588,-0.009468000382184982,0.07776600122451782,-1.112064003944397,-9.472585678100586
2215365700,91.46887969970703,35.78607177734375,0.012217000126838684,-0.03130599856376648,-0.006566000171005726,0.05383799970149994,-1.0965100526809692,-9.507880210876465
2215375700,91.46887969970703,35.78607177734375,0.031153999269008636,-0.025120999664068222,-0.01572900079190731,0.017945999279618263,-1.1174479722976685,-9.472585678100586
2215385700,91.46887969970703,35.78607177734375,0.010154999792575836,-0.026572000235319138,0.010537000373005867,0.06759700179100037,-1.1036889553070068,-9.491728782653809
2215395700,91.47118377685547,35.78607177734375,0.011682000011205673,-0.032756999135017395,0.002061000093817711,0.08733800053596497,-1.104287028312683,-9.550353050231934
2215405700,91.4642562866211,35.78607177734375,0.01458400022238493,-0.022220000624656677,0.010689999908208847,0.061615001410245895,-1.0881359577178955,-9.524629592895508
2215415700,91.46887969970703,35.78607177734375,0.017409000545740128,-0.030389999970793724,0.016875000670552254,0.07357899844646454,-1.1174479722976685,-9.515058517456055
2215425700,91.46887969970703,35.78607177734375,0.0031300000846385956,-0.01840200088918209,0.01259899977594614,0.049651000648736954,-1.1485539674758911,-9.526424407958984
2215435700,91.46296691894531,35.7906494140625,0.021685000509023666,-0.03657500073313713,0.02260199934244156,0.07836399972438812,-1.1108670234680176,-9.520442008972168
2215445700,91.47118377685547,35.78607177734375,0.006490000057965517,-0.03657500073313713,-0.0061079999431967735,0.07836399972438812,-1.0522429943084717,-9.544370651245117
2215455700,91.4642562866211,35.78607177734375,0.012140000239014626,-0.02275400049984455,0.016875000670552254,0.11665000021457672,-1.0971089601516724,-9.479763984680176
2215465700,91.47450256347656,35.7906494140625,0.006947999820113182,-0.0332150012254715,0.017409000545740128,0.06580200046300888,-1.0606180429458618,-9.482754707336426
2215475700,91.46887969970703,35.78607177734375,0.005497000180184841,-0.028480999171733856,0.01588200032711029,0.07417699694633484,-1.0893319845199585,-9.421737670898438
2215485700,91.4734878540039,35.78607177734375,0.027793999761343002,-0.021302999928593636,0.006719000171869993,0.07357899844646454,-1.1144570112228394,-9.453442573547363
2215495700,91.46527862548828,35.7906494140625,0.002061000093817711,-0.024128999561071396,0.004809999838471413,0.03349899873137474,-1.1485539674758911,-9.504888534545898
2215505700,91.47118377685547,35.78607177734375,0.00977300014346838,-0.026038000360131264,-0.007482999935746193,0.09631100296974182,-1.133599042892456,-9.54556655883789
2215515700,91.46296691894531,35.7906494140625,0.002672000089660287,-0.028480999171733856,0.00633700005710125,0.02751700021326542,-1.1078760623931885,-9.477372169494629
2215525700,91.4714584350586,35.77691650390625,0.0016029999824240804,-0.03176400065422058,-0.004275999963283539,0.05862399935722351,-1.070788025856018,-9.483353614807129
2215535700,91.46556091308594,35.781494140625,0.018783999606966972,-0.030848000198602676,0.02970300056040287,0.062212999910116196,-1.0588239431381226,-9.53958511352539
2215545700,91.4734878540039,35.78607177734375,0.014049000106751919,-0.02939699962735176,0.020692000165581703,0.08913200348615646,-1.0869389772415161,-9.527621269226074
2215555700,91.476806640625,35.7906494140625,0.019317999482154846,-0.03848399966955185,0.006794999819248915,0.05264199897646904,-1.1012959480285645,-9.552146911621094
2215565700,91.46556091308594,35.781494140625,0.008781000040471554,-0.032756999135017395,0.03252800181508064,0.12801599502563477,-1.1288139820098877,-9.468399047851562
2215575700,91.47551727294922,35.79522705078125,0.006413999944925308,-0.027488000690937042,-0.004275999963283539,0.056829001754522324,-1.0845459699630737,-9.507282257080078
2215585700,91.46887969970703,35.78607177734375,0.015957999974489212,-0.037491001188755035,0.023135999217629433,0.02033800072968006,-1.1054840087890625,-9.550353050231934
2215595700,91.46195983886719,35.78607177734375,0.013590999878942966,-0.026572000235319138,0.010154999792575836,0.0825520008802414,-1.0935189723968506,-9.454042434692383
2215605700,91.4642562866211,35.78607177734375,0.011223999783396721,-0.02038699947297573,0.02214300073683262,0.05443599820137024,-1.0995010137557983,-9.513263702392578
2215615700,91.46988677978516,35.7906494140625,0.024051999673247337,-0.037491001188755035,0.013973000459372997,0.03469499945640564,-1.1030910015106201,-9.511468887329102
2215625700,91.46887969970703,35.78607177734375,0.013132999651134014,-0.028023000806570053,-0.005115000065416098,0.0831499993801117,-1.1300100088119507,-9.479166030883789
2215635700,91.46988677978516,35.7906494140625,0.005038999952375889,-0.026572000235319138,0.010689999908208847,0.07896299660205841,-1.1078760623931885,-9.501897811889648
2215645700,91.46499633789062,35.7998046875,0.006490000057965517,-0.021302999928593636,-0.0017559999832883477,0.13220299780368805,-1.0833499431610107,-9.494720458984375
2215655700,91.46988677978516,35.7906494140625,0.01030800025910139,-0.027488000690937042,-0.01565299928188324,0.061615001410245895,-1.082751989364624,-9.543173789978027
2215665700,91.46656799316406,35.78607177734375,0.012217000126838684,-0.028404999524354935,-0.005115000065416098,0.08673900365829468,-1.1066800355911255,-9.498309135437012
2215675700,91.46629333496094,35.79522705078125,0.015042000450193882,-0.024128999561071396,0.008245999924838543,0.06041799858212471,-1.1318049430847168,-9.438488006591797
2215685700,91.46527862548828,35.7906494140625,0.014049000106751919,-0.01794400066137314,-0.021379999816417694,0.024526000022888184,-1.0977070331573486,-9.516255378723145
2215695700,91.4734878540039,35.78607177734375,0.010765999555587769,-0.03611699864268303,0.032680999487638474,0.05084700137376785,-1.0935189723968506,-9.543771743774414
2215705700,91.4642562866211,35.78607177734375,0.011682000011205673,-0.025578999891877174,-0.019471000880002975,0.08913200348615646,-1.1210370063781738,-9.472585678100586
2215715700,91.47248077392578,35.781494140625,0.019317999482154846,-0.028480999171733856,0.03458999842405319,0.08015900105237961,-1.0677969455718994,-9.507282257080078
2215725700,91.47016906738281,35.781494140625,0.02932099997997284,-0.030389999970793724,0.013057000003755093,0.049651000648736954,-1.0630110502243042,-9.488738059997559
2215735700,91.46222686767578,35.77691650390625,0.013132999651134014,-0.028480999171733856,0.007329999934881926,0.11904200166463852,-1.1102689504623413,-9.494120597839355
2215745700,91.46887969970703,35.78607177734375,0.02878599986433983,-0.03466600179672241,0.02260199934244156,0.11365900188684464,-1.1072779893875122,-9.509675025939941
2215755700,91.4642562866211,35.78607177734375,0.016493000090122223,-0.026572000235319138,0.00496299983933568,0.04665999859571457,-1.1048849821090698,-9.509675025939941
2215765700,91.46961212158203,35.7998046875,0.013132999651134014,-0.02939699962735176,0.007329999934881926,0.08913200348615646,-1.0857429504394531,-9.52941608428955
2215775700,91.46758270263672,35.7906494140625,0.015042000450193882,-0.027946999296545982,0.017333000898361206,0.11904200166463852,-1.0576269626617432,-9.505487442016602
2215785700,91.46887969970703,35.78607177734375,0.006947999820113182,-0.02993199974298477,0.011606000363826752,0.15613099932670593,-1.0983049869537354,-9.515657424926758
2215795700,91.47016906738281,35.781494140625,0.018783999606966972,-0.024128999561071396,0.0024429999757558107,0.10408700257539749,-1.0953140258789062,-9.47079086303711
2215805700,91.46988677978516,35.7906494140625,0.010689999908208847,-0.027488000690937042,-0.0038169999606907368,0.024526000022888184,-1.082751989364624,-9.496514320373535
2215815700,91.46758270263672,35.7906494140625,0.015957999974489212,-0.02703000046312809,0.007788000162690878,0.15912200510501862,-1.1479560136795044,-9.515657424926758
2215825700,91.47450256347656,35.7906494140625,0.031153999269008636,-0.019393999129533768,-0.013286000117659569,0.0843459963798523,-1.0713859796524048,-9.54975414276123
2215835700,91.46988677978516,35.7906494140625,0.016951000317931175,-0.0332150012254715,-0.003664999967440963,0.10109599679708481,-1.0977070331573486,-9.533602714538574
2215845700,91.46324920654297,35.781494140625,-0.008245999924838543,-0.03894200176000595,-0.012751000002026558,0.11545299738645554,-1.050449013710022,-9.552146911621094
2215855700,91.46656799316406,35.78607177734375,0.0068720001727342606,-0.02031099982559681,-0.019089000299572945,0.029910000041127205,-1.1294119358062744,-9.502495765686035
2215865700,91.47551727294922,35.79522705078125,0.01779099926352501,-0.03894200176000595,0.032604001462459564,0.04905200004577637,-1.1306079626083374,-9.508478164672852
2215875700,91.46656799316406,35.78607177734375,0.0197759997099638,-0.03657500073313713,0.007329999934881926,0.04845400154590607,-1.0749750137329102,-9.500701904296875
2215885700,91.46758270263672,35.7906494140625,0.0041229999624192715,-0.019393999129533768,-0.020462999120354652,0.08973000198602676,-1.026520013809204,-9.506684303283691
2215895700,91.4734878540039,35.78607177734375,0.024434000253677368,-0.03604099899530411,0.02970300056040287,0.1447650045156479,-1.205981969833374,-9.390033721923828
2215905700,91.46527862548828,35.7906494140625,0.023517999798059464,-0.03130599856376648,0.01107100024819374,0.061615001410245895,-1.1294119358062744,-9.500102996826172
2215915700,91.4642562866211,35.78607177734375,0.002672000089660287,-0.03558199852705002,0.020692000165581703,-0.09331999719142914,-1.1216349601745605,-9.557531356811523
2215925700,91.46656799316406,35.78607177734375,0.016951000317931175,-0.026038000360131264,0.002061000093817711,0.08793599903583527,-1.2418739795684814,-9.57069206237793
2215935700,91.4734878540039,35.78607177734375,0.002672000089660287,-0.03184099867939949,0.01786700077354908,0.15254199504852295,-1.0468590259552002,-9.585646629333496
2215945700,91.46785736083984,35.781494140625,0.014125999994575977,-0.02893899939954281,0.026419000700116158,-0.1651040017604828,-1.2897310256958008,-9.431309700012207
2215955700,91.46758270263672,35.7906494140625,0.0035119999665766954,-0.02893899939954281,0.009620999917387962,0.018543999642133713,-1.11326003074646,-9.527621269226074
2215965700,91.46758270263672,35.7906494140625,0.02970300056040287,-0.03176400065422058,-0.011452999897301197,0.15493500232696533,-1.1653039455413818,-9.345168113708496
2215975700,91.46758270263672,35.7906494140625,0.012675000354647636,-0.023670999333262444,-0.0056500001810491085,0.16630099713802338,-1.0396809577941895,-9.22313404083252
2215985700,91.4642562866211,35.78607177734375,0.015957999974489212,-0.024128999561071396,-0.007559000048786402,0.16749699413776398,-1.3070789575576782,-9.522236824035645
2215995700,91.47219848632812,35.7906494140625,0.02023399993777275,-0.032756999135017395,0.0010689999908208847,-0.427717000246048,-1.06659996509552,-9.373284339904785
2216005700,91.47810363769531,35.78607177734375,0.014049000106751919,-0.02466299943625927,-0.010383999906480312,0.39421701431274414,-1.1228320598602295,-9.646065711975098
2216015700,91.47219848632812,35.7906494140625,0.008856999687850475,-0.037032999098300934,-0.011834999546408653,-0.15792599320411682,-1.0869389772415161,-9.851847648620605
2216025700,91.47579956054688,35.78607177734375,0.06452199816703796,0.07215800136327744,-0.09987600147724152,-3.647258996963501,-6.963710784912109,-19.59123420715332
2216035700,91.9463882446289,35.78607177734375,0.010079000145196915,-0.7142540216445923,1.1715619564056396,-19.599609375,17.840885162353516,-19.59123420715332
2216045700,92.072998046875,35.79522705078125,1.3430629968643188,0.2844330072402954,-0.5863540172576904,-19.599609375,1.3429709672927856,-19.59123420715332
2216055700,91.7420883178711,35.7906494140625,-0.7088320255279541,0.7694600224494934,0.5764269828796387,-1.3848459720611572,-9.20638370513916,-19.59123420715332
2216065700,91.27613067626953,35.7906494140625,-0.6755399703979492,0.377360999584198,-1.0772600173950195,-1.0773680210113525,4.732403755187988,-19.59123420715332
2216075700,91.40991973876953,35.7906494140625,0.24243700504302979,-0.20013399422168732,-0.28916800022125244,-4.626522064208984,-8.879165649414062,-19.59123420715332
2216085700,91.44783782958984,35.79522705078125,-0.44547298550605774,-0.13431300222873688,0.19486500322818756,-3.115454912185669,8.938986778259277,-19.59123420715332
2216095700,91.4504165649414,35.78607177734375,0.07589899748563766,-0.016568999737501144,-0.4366919994354248,-7.063014030456543,1.839482069015503,-19.59123420715332
2216105700,91.46066284179688,35.7906494140625,0.3071120083332062,-0.003664999967440963,-0.08315300196409225,9.293124198913574,6.613760948181152,-19.59123420715332
2216115700,91.46656799316406,35.78607177734375,-0.016340000554919243,0.1298850029706955,-0.7438039779663086,3.2823538780212402,10.49731159210205,-19.59123420715332
2216125700,91.46656799316406,35.78607177734375,0.0901779979467392,-0.007482999935746193,-0.46876201033592224,1.7401800155639648,0.3852440118789673,-19.59123420715332
2216135700,91.46758270263672,35.7906494140625,0.13965800404548645,-0.1586720049381256,-0.7007380127906799,2.6153550148010254,1.550549030303955,-19.59123420715332
2217092900,90.68366241455078,35.781494140625,0.10781700164079666,0.3182600140571594,-2.501797914505005,-2.8486549854278564,-0.08733800053596497,-19.59123420715332
2217103700,90.67312622070312,35.78607177734375,-0.002595999976620078,0.5777249932289124,-2.501797914505005,-1.704287052154541,0.9481549859046936,-19.59123420715332
2217113700,90.66651153564453,35.77691650390625,0.010765999555587769,0.22670699656009674,-2.501797914505005,-3.530609130859375,1.2197409868240356,-19.59123420715332
2217161400,90.58548736572266,35.78607177734375,0.2648099958896637,0.039705999195575714,-2.501797914505005,-4.872982978820801,1.2741780281066895,-19.59123420715332
2217170700,90.5660400390625,35.781494140625,0.06169699877500534,-0.09048400074243546,-2.501797914505005,-3.4677979946136475,1.7437689304351807,-19.59123420715332
2217180700,90.54398345947266,35.78607177734375,0.2675580084323883,-0.03413200005888939,-2.501797914505005,-5.288136959075928,1.1264209747314453,-19.59123420715332
2217190700,90.53375244140625,35.781494140625,0.034894999116659164,-0.14003999531269073,-2.501797914505005,-1.0743770599365234,2.0368900299072266,-19.59123420715332
2217200700,90.52883911132812,35.7906494140625,0.3627769947052002,-0.1586720049381256,-2.501797914505005,-1.9226319789886475,1.7096710205078125,-19.59123420715332
2217210700,90.51199340820312,35.77691650390625,0.11064200103282928,-0.2712239921092987,-2.501797914505005,-3.933799982070923,2.8247270584106445,-19.59123420715332
2217220700,90.50247192382812,35.78607177734375,0.3004690110683441,-0.27786698937416077,-2.501797914505005,-2.247457981109619,-0.19920200109481812,-19.59123420715332
2217230700,90.48863220214844,35.78607177734375,0.43317899107933044,-0.3026829957962036,-2.501797914505005,-0.7860419750213623,0.19022899866104126,-19.59123420715332
2217240700,90.45864868164062,35.78607177734375,-0.14912700653076172,-0.4872409999370575,-2.501797914505005,-2.402393102645874,1.220339059829712,-19.59123420715332
2218203500,88.43055725097656,35.7906494140625,-0.17203399538993835,-0.006490000057965517,-2.501797914505005,2.763111114501953,0.9589229822158813,5.930011749267578
2218213700,88.40157318115234,35.79522705078125,-0.12194299697875977,-0.08330599963665009,-2.501797914505005,4.446462154388428,2.196610927581787,8.177471160888672
2218223700,88.37062072753906,35.7906494140625,-0.3650679886341095,-0.18394599854946136,-2.501797914505005,4.856831073760986,3.760319948196411,7.593622207641602
2218233700,88.34953308105469,35.7998046875,-0.5302299857139587,-0.0852150022983551,-2.501797914505005,4.856831073760986,3.8805599212646484,8.002795219421387
2218243700,88.32221221923828,35.7906494140625,-0.2680929899215698,-0.04039299860596657,-2.501797914505005,3.4779670238494873,3.7375879287719727,6.361917018890381
2218253700,88.2968521118164,35.7906494140625,0.3080280125141144,-0.04039299860596657,-2.501797914505005,3.118446111679077,3.3888349533081055,6.11366081237793
2218263700,88.2757568359375,35.7998046875,-0.19814899563789368,-0.24686500430107117,-2.501797914505005,5.1003007888793945,2.266601085662842,8.166105270385742
2218280800,88.236572265625,35.7998046875,-0.14775200188159943,-0.23640400171279907,-2.501797914505005,4.623530864715576,3.131606101989746,7.3728837966918945
2218290700,88.21156311035156,35.7906494140625,-0.8337540030479431,-0.2521339952945709,-2.501797914505005,4.110270977020264,3.19621205329895,7.234099864959717
2218300700,88.18257141113281,35.79522705078125,-0.12446299940347672,-0.15622800588607788,-2.501797914505005,1.8514459133148193,3.0442678928375244,6.889533996582031
2218310700,88.17237091064453,35.7906494140625,-0.30191999673843384,-0.3623189926147461,-2.501797914505005,1.7509469985961914,3.2195420265197754,6.826722145080566
2218320700,88.15260314941406,35.79522705078125,-0.5606970191001892,0.02733599953353405,-2.501797914505005,3.4809579849243164,3.8350958824157715,6.954738140106201
2218330700,88.12822723388672,35.7998046875,-0.8252019882202148,-0.19249799847602844,-2.501797914505005,3.1447670459747314,3.760319948196411,6.769294738769531
2218340700,88.1170425415039,35.7906494140625,-0.20387600362300873,-0.2902370095252991,-2.501797914505005,2.4490530490875244,3.798604965209961,7.776672840118408
2218350700,88.095947265625,35.7998046875,-0.7366260290145874,-0.22449199855327606,-2.501797914505005,1.9345970153808594,3.0155539512634277,7.370491027832031
2218360700,88.07521057128906,35.7998046875,-0.1905129998922348,-0.1476760059595108,-2.501797914505005,2.973680019378662,1.9316060543060303,7.411767959594727
2218370700,88.04656219482422,35.79522705078125,-0.16294799745082855,-0.06849300116300583,-2.501797914505005,2.2229321002960205,2.7756738662719727,5.790629863739014
2218380700,88.03601837158203,35.7998046875,-0.26099199056625366,-0.12095099687576294,-2.501797914505005,2.0889339447021484,2.739182949066162,5.6051859855651855
2218390700,88.00933837890625,35.80438232421875,-0.6367499828338623,-0.2593120038509369,-2.501797914505005,3.0759730339050293,1.8017950057983398,8.369495391845703
2218400700,87.9797134399414,35.79522705078125,-0.46975499391555786,-0.2903130054473877,-2.501797914505005,2.9587249755859375,2.13140606880188,8.235496520996094
2218410700,87.9563217163086,35.80438232421875,-0.19769099354743958,-0.13858899474143982,-2.501797914505005,0.9002990126609802,1.760519027709961,5.243869781494141
2218420700,87.92208099365234,35.79522705078125,-0.6748530268669128,-0.5196930170059204,-2.501797914505005,1.6133599281311035,1.2550350427627563,5.542375087738037
2218430700,87.89079284667969,35.7998046875,-0.1481339931488037,-0.12285999953746796,-2.501797914505005,3.0729820728302,0.5030900239944458,7.671987056732178
2218440700,87.85620880126953,35.7998046875,-0.19669799506664276,-0.21258099377155304,-2.501797914505005,4.6779680252075195,-0.2608169913291931,7.630711078643799
2218450700,87.80683135986328,35.79522705078125,-0.5140420198440552,-0.18058599531650543,-2.501797914505005,4.936392784118652,0.5270190238952637,5.039882183074951
2218460700,87.77323150634766,35.7998046875,-0.28374600410461426,-0.21258099377155304,-2.501797914505005,2.0470590591430664,0.519241988658905,4.926820755004883
2218470700,87.72943115234375,35.7998046875,-0.013057000003755093,0.05642800033092499,-2.501797914505005,1.6187440156936646,0.9499499797821045,5.087738990783691
2218480700,87.69583892822266,35.80438232421875,0.351857990026474,-0.30695900321006775,-2.501797914505005,3.8141589164733887,0.13698899745941162,8.565108299255371
2218490700,87.66488647460938,35.7998046875,-0.5653550028800964,-0.21303899586200714,-2.501797914505005,4.206582069396973,1.7407779693603516,8.25284481048584
2218500700,87.63262176513672,35.7998046875,-0.3623189926147461,0.015424000099301338,-2.501797914505005,2.663210868835449,1.6420739889144897,5.237289905548096
2218510700,87.60363006591797,35.80438232421875,-0.3946950137615204,-0.09468399733304977,-2.501797914505005,3.5976080894470215,1.867598056793213,6.1154561042785645
2218520700,87.58422088623047,35.7998046875,0.09590499848127365,-0.12812800705432892,-2.501797914505005,3.6909279823303223,1.3782650232315063,7.208377838134766
2218530700,87.56773376464844,35.8089599609375,0.027869999408721924,-0.2593120038509369,-2.501797914505005,3.3188440799713135,0.5395810008049011,7.140182018280029
2218540700,87.53119659423828,35.7998046875,-0.41454800963401794,0.02450999990105629,-2.501797914505005,2.770887851715088,0.8638079762458801,6.580860137939453
2218550700,87.50682067871094,35.80438232421875,-0.4379130005836487,-0.1376730054616928,-2.501797914505005,4.840081214904785,0.5282149910926819,7.949553966522217
2218560700,87.47225189208984,35.80438232421875,-0.2913059890270233,-0.02703000046312809,-2.501797914505005,5.028515815734863,1.1808569431304932,7.6043901443481445
2218570700,87.45247650146484,35.8089599609375,-0.002061000093817711,-0.2712239921092987,-2.501797914505005,2.200200080871582,1.60378897190094,5.384449005126953
2218580700,87.4225082397461,35.8089599609375,0.09972299635410309,-0.24831600487232208,-2.501797914505005,3.6574289798736572,1.9208379983901978,5.388636112213135
2218590700,87.38465881347656,35.80438232421875,-0.47830700874328613,-0.2583189904689789,-2.501797914505005,4.299901962280273,1.6271190643310547,7.585247039794922
2218600700,87.37410736083984,35.8089599609375,0.027869999408721924,0.13606999814510345,-2.501797914505005,4.133601188659668,1.5062810182571411,7.272984027862549
2218610700,87.34911346435547,35.7998046875,-0.28466299176216125,-0.1753939986228943,-2.501797914505005,3.771088123321533,2.8576278686523438,6.203392028808594
2218620700,87.33164978027344,35.80438232421875,-0.3632349967956543,0.3182600140571594,-2.501797914505005,3.4917259216308594,3.4319050312042236,6.455834865570068
2218630700,87.31781768798828,35.80438232421875,-0.6690499782562256,0.14515599608421326,-2.501797914505005,2.592622995376587,2.6991028785705566,6.292524814605713
2218640700,87.29707336425781,35.80438232421875,-0.23663300275802612,-0.17203399538993835,-2.501797914505005,0.8506479859352112,2.0506479740142822,5.08115816116333
2218650700,87.28555297851562,35.80438232421875,-0.621554970741272,-0.10575500130653381,-2.501797914505005,1.2095710039138794,1.3722829818725586,6.021537780761719
2218660700,87.26249694824219,35.80438232421875,-0.39079999923706055,0.031153999269008636,-2.501797914505005,3.9655051231384277,1.5314059257507324,7.403991222381592
2218670700,87.251953125,35.8089599609375,-0.3898079991340637,0.12179099768400192,-2.501797914505005,3.0987050533294678,1.7982059717178345,8.36769962310791
2218680700,87.23023223876953,35.80438232421875,0.29283300042152405,-0.060398999601602554,-2.501797914505005,1.0133600234985352,2.1780660152435303,5.730810165405273
2218690700,87.20027160644531,35.80438232421875,-0.3465130031108856,0.06261300295591354,-2.501797914505005,-0.15433700382709503,1.6151549816131592,5.781059265136719
2218700700,87.18608093261719,35.81353759765625,-0.16630800068378448,-0.16340599954128265,-2.501797914505005,2.8043880462646484,1.7383849620819092,7.517052173614502
2218710700,87.16764068603516,35.81353759765625,-0.15294499695301056,-0.07085999846458435,-2.501797914505005,4.164109230041504,0.7525420188903809,7.7036919593811035
2218720700,87.13572692871094,35.80438232421875,-0.08628399670124054,-0.11384899914264679,-2.501797914505005,3.692125082015991,0.6628109812736511,7.898108959197998
2218730700,87.10212707519531,35.8089599609375,0.08353500068187714,-0.3189469873905182,-2.501797914505005,2.477766990661621,1.1958129405975342,5.2971110343933105
2218740700,87.07447814941406,35.8089599609375,-0.3537670075893402,-0.35850098729133606,-2.501797914505005,2.1918249130249023,1.3363909721374512,5.896512985229492
2218750700,87.04585266113281,35.80438232421875,-0.3856079876422882,-0.03894200176000595,-2.501797914505005,3.635892868041992,0.633499026298523,8.393423080444336
2218760700,87.0214614868164,35.8089599609375,0.19761399924755096,-0.006947999820113182,-2.501797914505005,3.227916955947876,1.0779659748077393,7.661219120025635
2218770700,86.99246978759766,35.81353759765625,-0.12728799879550934,-0.1695909947156906,-2.501797914505005,1.567897081375122,0.9451640248298645,4.953142166137695
2218780700,86.95924377441406,35.8089599609375,-0.008781000040471554,-0.07803799957036972,-2.501797914505005,2.7996020317077637,1.3537390232086182,5.113461017608643
2218790700,86.93849182128906,35.8089599609375,-0.1481339931488037,-0.23304499685764313,-2.501797914505005,3.585644006729126,1.7898309230804443,7.16530704498291
2218800700,86.91410827636719,35.81353759765625,-0.04535600170493126,0.13087700307369232,-2.501797914505005,3.592823028564453,1.5894320011138916,7.310072898864746
2218810700,86.8831787109375,35.8089599609375,-0.16050399839878082,0.09407299757003784,-2.501797914505005,3.376271963119507,1.6941180229187012,6.372684001922607
2218820700,86.8601303100586,35.8089599609375,-0.37033599615097046,-0.2616789937019348,-2.501797914505005,2.8169500827789307,0.7728809714317322,6.136393070220947
2218830700,86.83113861083984,35.81353759765625,-0.6839389801025391,-0.26740598678588867,-2.501797914505005,3.9720849990844727,1.652243971824646,6.803391933441162
2218840700,86.81864929199219,35.8089599609375,-0.42371100187301636,-0.08712399750947952,-2.501797914505005,2.2803590297698975,1.0893319845199585,5.303092956542969
2218850700,86.786376953125,35.8089599609375,-0.17195799946784973,-0.08613099902868271,-2.501797914505005,1.6199400424957275,1.7682950496673584,5.030311107635498
2218860700,86.76526641845703,35.818115234375,-0.222353994846344,-0.09811999648809433,-2.501797914505005,4.549952030181885,2.279162883758545,6.955337047576904
2218870700,86.73895263671875,35.81353759765625,-0.06727100163698196,-0.3933199942111969,-2.501797914505005,4.037888050079346,1.7132599353790283,6.949355125427246
2218880700,86.71820831298828,35.81353759765625,-0.6852369904518127,-0.06230799853801727,-2.501797914505005,1.5864410400390625,1.6588239669799805,3.908674955368042
2218890700,86.68921661376953,35.818115234375,-0.11491800099611282,-0.27549999952316284,-2.501797914505005,1.7617149353027344,0.23868399858474731,4.546361923217773
2218900700,86.65924835205078,35.818115234375,-0.1463019996881485,-0.25641000270843506,-2.501797914505005,1.453639030456543,1.1300100088119507,6.805187225341797
2218910700,86.63984680175781,35.81353759765625,0.10735899955034256,-0.04802900180220604,-2.501797914505005,2.0333011150360107,1.0283149480819702,6.842874050140381
2218920700,86.61776733398438,35.818115234375,-0.7628170251846313,-0.025578999891877174,-2.501797914505005,2.1158530712127686,1.003190040588379,5.771488189697266
2218930700,86.58914947509766,35.81353759765625,-0.49067699909210205,-0.17967000603675842,-2.501797914505005,2.291724920272827,1.4763710498809814,5.994019985198975
2218940700,86.5716781616211,35.818115234375,-0.21334399282932281,-0.16630800068378448,-2.501797914505005,2.767298936843872,1.1946159601211548,6.259623050689697
2218950700,86.5420913696289,35.8089599609375,-0.02977900020778179,-0.09040799736976624,-2.501797914505005,0.9595209956169128,1.0570290088653564,4.797010898590088
2218960700,86.52462005615234,35.81353759765625,-0.012675000354647636,-0.14339999854564667,-2.501797914505005,1.2239279747009277,0.5796610116958618,5.1278181076049805
2218970700,86.50483703613281,35.818115234375,-0.18157899379730225,-0.17203399538993835,-2.501797914505005,3.4348959922790527,1.8969099521636963,6.567101001739502
2218980700,86.4794921875,35.818115234375,-0.1777610033750534,-0.20486800372600555,-2.501797914505005,3.4995028972625732,1.7694919109344482,6.92781925201416
2218990700,86.45548248291016,35.81353759765625,-0.10399899631738663,-0.0952180027961731,-2.501797914505005,0.6933199763298035,1.8442680835723877,4.806581974029541
2219000700,86.43302917480469,35.8272705078125,-0.36850398778915405,-0.2315939962863922,-2.501797914505005,0.8632100224494934,2.034497022628784,4.290928840637207
2219010700,86.41496276855469,35.818115234375,-0.4041630029678345,-0.28695300221443176,-2.501797914505005,1.7072780132293701,2.0009970664978027,4.308277130126953
2219020700,86.39749145507812,35.82269287109375,-0.21578800678253174,-0.21258099377155304,-2.501797914505005,3.7686948776245117,1.4093719720840454,6.8309102058410645
2219030700,86.36984252929688,35.82269287109375,-0.5826119780540466,-0.3198640048503876,-2.501797914505005,3.1651060581207275,0.9661020040512085,6.305685043334961
2219040700,86.34545135498047,35.8272705078125,-0.5302299857139587,-0.1062140017747879,-2.501797914505005,0.5461609959602356,1.8658030033111572,3.915853977203369
2219050700,86.33161926269531,35.8272705078125,-0.43363699316978455,-0.1758520007133484,-2.501797914505005,0.7280160188674927,1.3076770305633545,4.43330192565918
2219060700,86.3030014038086,35.82269287109375,-0.8794159889221191,-0.26549699902534485,-2.501797914505005,2.254038095474243,1.8173480033874512,6.640081882476807
2219070700,86.28359985351562,35.818115234375,-0.8869760036468506,-0.15439599752426147,-2.501797914505005,2.684148073196411,1.7736790180206299,7.041478157043457
2219080700,86.25595092773438,35.818115234375,0.16966700553894043,-0.09330900013446808,-2.501797914505005,3.248255968093872,2.7517449855804443,6.026920795440674
2219090700,86.23059844970703,35.818115234375,-0.2005160003900528,-0.21731500327587128,-2.501797914505005,2.5525429248809814,2.255234956741333,5.4203410148620605
2219100700,86.2140884399414,35.8272705078125,-0.26419898867607117,-0.28741198778152466,-2.501797914505005,2.5076780319213867,1.7090730667114258,6.436093807220459
2219300000,85.72920227050781,35.82269287109375,-0.17287400364875793,-0.005115000065416098,-2.501797914505005,1.2197409868240356,1.928015947341919,5.400599956512451
2219309700,85.71307373046875,35.82269287109375,-0.42600101232528687,-0.36850398778915405,-2.501797914505005,1.9758729934692383,2.1463608741760254,4.886143207550049
2219319700,85.6808090209961,35.82269287109375,-0.42554301023483276,-0.12904499471187592,-2.501797914505005,4.097109794616699,1.7222340106964111,6.4965128898620605
2219329700,85.65968322753906,35.83184814453125,-0.7062360048294067,-0.2530499994754791,-2.501797914505005,3.607180118560791,2.085344076156616,7.019344806671143
2219339700,85.63703155517578,35.82269287109375,-0.6272050142288208,-0.15294499695301056,-2.501797914505005,1.3178470134735107,2.7924230098724365,4.676173210144043
2219349700,85.6080322265625,35.8272705078125,-0.28657200932502747,-0.11384899914264679,-2.501797914505005,0.542572021484375,2.079361915588379,4.057628154754639
2219359700,85.58499145507812,35.8272705078125,-0.07116500288248062,-0.17203399538993835,-2.501797914505005,1.5511469841003418,2.1337990760803223,7.838886260986328
2219369700,85.56195068359375,35.8272705078125,-0.23480099439620972,-0.08040499687194824,-2.501797914505005,3.0508480072021484,0.7328010201454163,6.955337047576904
2219379700,85.53620910644531,35.83642578125,0.04024000093340874,-0.1782190054655075,-2.501797914505005,3.4325039386749268,0.5718839764595032,6.416353225708008
2220344400,83.34073638916016,35.85931396484375,-0.006490000057965517,-0.2082280069589615,-2.501797914505005,3.1926229000091553,0.47198399901390076,4.826920986175537
2220354700,83.31539916992188,35.85931396484375,-0.18677200376987457,-0.12812800705432892,-2.501797914505005,2.938983917236328,0.75553297996521,4.8281168937683105
2220364700,83.29329681396484,35.86387634277344,-0.2519809901714325,-0.0737610012292862,-2.501797914505005,3.0107688903808594,0.256630003452301,5.0075788497924805
2220374700,83.27947998046875,35.86387634277344,-0.37033599615097046,-0.04558499902486801,-2.501797914505005,2.737389087677002,0.9577270150184631,5.044069766998291
2220413500,83.21267700195312,35.86387634277344,-0.3956109881401062,-0.06421700119972229,-2.501797914505005,3.3613169193267822,1.4386839866638184,4.71625280380249
2220423700,83.18273162841797,35.86387634277344,-0.13110600411891937,-0.037491001188755035,-2.501797914505005,2.8253250122070312,1.3322030305862427,4.371088027954102
2220433700,83.17121124267578,35.86387634277344,-0.1581369936466217,-0.05138799920678139,-2.501797914505005,1.989630937576294,0.4007970094680786,4.806581974029541
2220443700,83.14495086669922,35.85931396484375,0.005497000180184841,-0.037032999098300934,-2.501797914505005,2.6255240440368652,0.827318012714386,5.279763221740723
2220453700,83.12882232666016,35.85931396484375,-0.18669499456882477,0.03161200135946274,-2.501797914505005,1.977666974067688,1.3166500329971313,5.604588031768799
2220463700,83.10901641845703,35.86387634277344,-0.19058899581432343,-0.05894799903035164,-2.501797914505005,2.107477903366089,0.9756730198860168,5.272583961486816
2220473700,83.0905990600586,35.86387634277344,-0.1458439975976944,-0.055587999522686005,-2.501797914505005,1.3728809356689453,1.358525037765503,4.497908115386963
2220483700,83.0730972290039,35.86845397949219,-0.29955199360847473,0.026419000700116158,-2.501797914505005,2.550747871398926,1.8065810203552246,4.571486949920654
2220493700,83.04869079589844,35.87303161621094,-0.2110529989004135,-0.0952180027961731,-2.501797914505005,2.454437017440796,1.4129610061645508,5.1457648277282715
2221461700,81.10169982910156,35.89134216308594,-0.2447270005941391,-0.16248999536037445,-2.501797914505005,1.7491530179977417,1.2173479795455933,4.094717025756836
2221471700,81.07454681396484,35.88218688964844,-0.023517999798059464,-0.11140599846839905,-2.501797914505005,2.4622139930725098,1.5870389938354492,4.183251857757568
2221481700,81.05564880371094,35.89134216308594,-0.32330000400543213,-0.14431600272655487,-2.501797914505005,2.3832509517669678,1.3824529647827148,4.3549370765686035
2221491700,81.03861999511719,35.88676452636719,-0.24006900191307068,-0.09139999747276306,-2.501797914505005,2.231904983520508,0.937388002872467,4.248456001281738
2221501700,81.01972198486328,35.89591979980469,-0.20723499357700348,-0.06994400173425674,-2.501797914505005,2.4089739322662354,1.6995019912719727,4.578066825866699
2221511700,81.00128936767578,35.89591979980469,-0.322842001914978,-0.05276300013065338,-2.501797914505005,1.8430709838867188,0.9732800126075745,4.311267852783203
2221521700,80.98516845703125,35.89591979980469,-0.23861899971961975,-0.07566999644041061,-2.501797914505005,1.9274179935455322,1.5870389938354492,4.6779680252075195
2221538700,80.9658432006836,35.89134216308594,-0.11155900359153748,-0.10377000272274017,-2.501797914505005,1.9130610227584839,1.4715850353240967,3.857828140258789
2221548700,80.94373321533203,35.89591979980469,-0.20578500628471375,-0.08758199959993362,-2.501797914505005,1.2538390159606934,0.7968090176582336,4.205385208129883
2221558700,80.9276123046875,35.89591979980469,-0.21670399606227875,-0.11904200166463852,-2.501797914505005,1.1970089673995972,1.0917249917984009,4.719841957092285
2221568700,80.90596771240234,35.89134216308594,-0.3433060050010681,-0.17394299805164337,-2.501797914505005,1.1341969966888428,1.0965100526809692,4.351346969604492
2221578700,80.89354705810547,35.88676452636719,-0.22808100283145905,-0.12721200287342072,-2.501797914505005,1.411167025566101,0.7692919969558716,4.706682205200195
2221588700,80.88065338134766,35.89134216308594,-0.27282699942588806,-0.10048700124025345,-2.501797914505005,1.4602190256118774,1.7282159328460693,4.1126627922058105
2221598700,80.85852813720703,35.89591979980469,-0.319023996591568,-0.14477500319480896,-2.501797914505005,2.023729085922241,1.5308079719543457,4.925026893615723
2221608700,80.83780670166016,35.89591979980469,-0.3446800112724304,-0.10758800059556961,-2.501797914505005,1.7365909814834595,1.185642957687378,4.2089738845825195
2221618700,80.81478118896484,35.89591979980469,-0.09827200323343277,-0.0956759974360466,-2.501797914505005,1.7976069450378418,1.4153540134429932,4.503292083740234
2221628700,80.7894515991211,35.89591979980469,-0.31238099932670593,-0.239764004945755,-2.501797914505005,1.9184449911117554,0.19860400259494781,4.540380001068115
2221638700,80.77194213867188,35.90049743652344,-0.2347240000963211,-0.18585500121116638,-2.501797914505005,1.8281159400939941,0.6358919739723206,4.369294166564941
2221648700,80.74569702148438,35.89591979980469,-0.15103599429130554,-0.16203099489212036,-2.501797914505005,2.4047861099243164,0.6454629898071289,4.417747974395752
2221658700,80.73280334472656,35.90049743652344,-0.049327000975608826,-0.06994400173425674,-2.501797914505005,1.8652050495147705,0.31226301193237305,4.490728855133057
2221668900,80.70794677734375,35.89134216308594,-0.41233301162719727,-0.07803799957036972,-2.501797914505005,2.4592230319976807,0.8727819919586182,4.098306179046631
2221678700,80.68904876708984,35.90049743652344,-0.28275400400161743,-0.24640700221061707,-2.501797914505005,1.9405789375305176,0.2829509973526001,4.150350093841553
2221688700,80.66050720214844,35.89591979980469,-0.20288300514221191,-0.2301429957151413,-2.501797914505005,2.674576997756958,0.8907279968261719,4.046861171722412
2221698700,80.63609313964844,35.90049743652344,-0.30237799882888794,-0.0956759974360466,-2.501797914505005,2.137387990951538,0.25064799189567566,4.140181064605713
2221708700,80.6199722290039,35.90049743652344,-0.2766450047492981,-0.12240199744701385,-2.501797914505005,2.695513963699341,0.0077760000713169575,4.1844482421875
2221718700,80.60343170166016,35.88676452636719,-0.07208199799060822,-0.13339699804782867,-2.501797914505005,2.550149917602539,0.6418740153312683,4.364508152008057
2221728700,80.5831298828125,35.90049743652344,-0.1673000007867813,-0.08712399750947952,-2.501797914505005,2.389233112335205,0.8847460150718689,4.53499698638916
2221738700,80.55919647216797,35.89591979980469,-0.15248699486255646,-0.053220998495817184,-2.501797914505005,2.900099992752075,1.6384849548339844,4.649253845214844
2221748700,80.54399108886719,35.90049743652344,-0.2580139935016632,-0.03176400065422058,-2.501797914505005,2.3353939056396484,0.8057829737663269,4.752144813537598
2221758700,80.524658203125,35.89591979980469,-0.18669499456882477,-0.09666900336742401,-2.501797914505005,3.0077779293060303,0.5736789703369141,4.047459125518799
2221768700,80.500732421875,35.89134216308594,-0.16386400163173676,-0.026496000587940216,-2.501797914505005,2.4083750247955322,0.866798996925354,4.248456001281738
2221778700,80.48963165283203,35.90507507324219,-0.058719001710414886,-0.05230500176548958,-2.501797914505005,2.717050075531006,1.3166500329971313,4.360320091247559
2221788700,80.47261047363281,35.90049743652344,-0.19249799847602844,-0.12148500233888626,-2.501797914505005,2.1708879470825195,1.1862410306930542,4.537988185882568
2221798700,80.45648956298828,35.90049743652344,-0.23098300397396088,-0.04321800172328949,-2.501797914505005,1.704287052154541,1.4009970426559448,3.967298984527588
2221808700,80.44127655029297,35.90507507324219,-0.22006399929523468,-0.03848399966955185,-2.501797914505005,1.6283149719238281,1.8161519765853882,4.1581268310546875
2221818700,80.42426300048828,35.90049743652344,-0.2428950071334839,-0.048944998532533646,-2.501797914505005,0.9242269992828369,0.8685939908027649,4.064806938171387
2221828700,80.41134643554688,35.90507507324219,-0.23487700521945953,-0.032680999487638474,-2.501797914505005,1.7988040447235107,0.9942169785499573,4.127019882202148
2221838700,80.39292907714844,35.90507507324219,-0.37904098629951477,-0.024586999788880348,-2.501797914505005,1.1168489456176758,1.3926219940185547,4.540380001068115
2221848700,80.37451171875,35.90507507324219,-0.33521199226379395,-0.037032999098300934,-2.501797914505005,1.624127984046936,0.9822530150413513,3.7878379821777344
2221858700,80.35698699951172,35.90965270996094,-0.2210559993982315,-0.0332150012254715,-2.501797914505005,1.4781659841537476,0.9397810101509094,4.108476161956787
2221868700,80.34136962890625,35.90049743652344,0.02542700059711933,-0.026572000235319138,-2.501797914505005,1.3561320304870605,1.116250991821289,4.36869478225708
2221878900,80.32434844970703,35.89591979980469,-0.38179001212120056,-0.06467500329017639,-2.501797914505005,1.3770689964294434,1.062412977218628,4.12941312789917
2221888700,80.29853057861328,35.90507507324219,-0.3427709937095642,-0.17104199528694153,-2.501797914505005,1.0767699480056763,1.1467599868774414,3.981656074523926
2221898700,80.28840637207031,35.90049743652344,-0.43409499526023865,-0.14339999854564667,-2.501797914505005,1.591825008392334,1.195214033126831,4.241278171539307
2221908700,80.26769256591797,35.90049743652344,-0.3642280101776123,-0.15241000056266785,-2.501797914505005,1.1258230209350586,1.5379860401153564,3.81954288482666
2221918700,80.24787139892578,35.90507507324219,-0.18341200053691864,-0.003664999967440963,-2.501797914505005,0.9631109833717346,1.1629109382629395,4.01635217666626
2221928700,80.23316192626953,35.90049743652344,-0.3346770107746124,-0.22113299369812012,-2.501797914505005,1.8777670860290527,0.882951021194458,4.462614059448242
2221938700,80.21334075927734,35.90507507324219,-0.22617200016975403,-0.10384699702262878,-2.501797914505005,1.6031910181045532,0.5330010056495667,4.266402244567871
2221948700,80.19310760498047,35.89591979980469,-0.1986829936504364,-0.15577000379562378,-2.501797914505005,2.1882359981536865,0.3421730101108551,3.8356940746307373
2221958700,80.17098999023438,35.90049743652344,-0.33803701400756836,-0.18631300330162048,-2.501797914505005,1.716252088546753,-0.09451600164175034,4.509274005889893
2221968700,80.14105987548828,35.90049743652344,-0.19150599837303162,-0.12285999953746796,-2.501797914505005,2.028515100479126,1.247257947921753,4.376471996307373
2221978700,80.12725067138672,35.90049743652344,-0.21433700621128082,-0.12950299680233002,-2.501797914505005,1.7395820617675781,1.0151540040969849,3.946959972381592
2221988700,80.10832977294922,35.90965270996094,-0.10781700164079666,-0.08231399953365326,-2.501797914505005,2.0841479301452637,0.5778660178184509,3.661616086959839
2221998700,80.08670806884766,35.90507507324219,-0.16203099489212036,-0.17340900003910065,-2.501797914505005,2.365304946899414,0.5108669996261597,3.8273191452026367
2222008700,80.06598663330078,35.90507507324219,-0.13637499511241913,-0.15050099790096283,-2.501797914505005,2.2181460857391357,0.9224330186843872,3.448056936264038
2222018700,80.04576110839844,35.89591979980469,-0.0250450000166893,-0.09949400275945663,-2.501797914505005,1.965703010559082,0.9780660271644592,3.6574289798736572
2222028700,80.0222396850586,35.90507507324219,-0.23625199496746063,-0.15431900322437286,-2.501797914505005,1.9244270324707031,1.0755729675292969,3.551546096801758
2222038700,80.01072692871094,35.90507507324219,-0.1891389936208725,-0.10422799736261368,-2.501797914505005,1.4931210279464722,1.1497509479522705,3.7974090576171875
2222048700,79.99140930175781,35.90049743652344,-0.13874199986457825,-0.07948800176382065,-2.501797914505005,2.1804590225219727,0.8195409774780273,3.818943977355957
2222058700,79.96929168701172,35.90507507324219,-0.11873599886894226,-0.15340299904346466,-2.501797914505005,1.8604190349578857,1.1964110136032104,4.217947959899902
2222068700,79.96378326416016,35.90049743652344,-0.25144699215888977,-0.07139399647712708,-2.501797914505005,1.4303090572357178,0.9140580296516418,4.24247407913208
2222078700,79.94535827636719,35.90049743652344,-0.23189899325370789,-0.12476900219917297,-2.501797914505005,1.6402790546417236,1.6283149719238281,4.164109230041504
2222088700,79.933349609375,35.90965270996094,-0.18669499456882477,-0.13339699804782867,-2.501797914505005,0.5952140092849731,1.2669990062713623,4.000201225280762
2222098700,79.91864013671875,35.90507507324219,-0.1253030002117157,-0.14912700653076172,-2.501797914505005,0.94336998462677,1.5415749549865723,3.9834508895874023
2222108700,79.89241027832031,35.90049743652344,-0.181426003575325,-0.10285399854183197,-2.501797914505005,1.4799599647521973,1.4446660280227661,3.821934938430786
2222118700,79.88269805908203,35.90965270996094,-0.27427801489830017,-0.16531500220298767,-2.501797914505005,1.2047860622406006,0.8733800053596497,3.859622001647949
2222128700,79.8670883178711,35.90049743652344,-0.20379899442195892,-0.11384899914264679,-2.501797914505005,1.4416749477386475,1.1611169576644897,3.5970101356506348
2222138700,79.84496307373047,35.90507507324219,-0.2857320010662079,-0.1566859930753708,-2.501797914505005,1.302293062210083,0.6053839921951294,4.37826681137085
2222148700,79.82884979248047,35.90507507324219,-0.24052800238132477,-0.11430799961090088,-2.501797914505005,1.1216349601745605,1.1234300136566162,3.9308090209960938
2222158700,79.81043243408203,35.90507507324219,-0.0901779979467392,-0.19585800170898438,-2.501797914505005,1.1144570112228394,1.0420739650726318,3.833899974822998
2222168700,79.79110717773438,35.90049743652344,-0.19203999638557434,-0.084757000207901,-2.501797914505005,1.6594219207763672,1.515852928161621,3.7244279384613037
2222178700,79.7759017944336,35.90507507324219,-0.07818999886512756,-0.05184699967503548,-2.501797914505005,1.4662020206451416,0.9978070259094238,3.710071086883545
2222188700,79.7560806274414,35.90965270996094,-0.17478300631046295,-0.18677200376987457,-2.501797914505005,1.9052839279174805,0.9535390138626099,4.039083957672119
2222198700,79.73355865478516,35.90049743652344,-0.13920000195503235,-0.126678004860878,-2.501797914505005,2.056631088256836,1.2664010524749756,3.764508008956909
2222208700,79.71463775634766,35.90965270996094,-0.23953500390052795,-0.08758199959993362,-2.501797914505005,1.832901954650879,0.6795610189437866,3.352344036102295
2222218700,79.69902801513672,35.90049743652344,-0.14248399436473846,-0.15241000056266785,-2.501797914505005,1.9603190422058105,0.6759719848632812,3.531805992126465
2222228700,79.67230224609375,35.90507507324219,-0.31192201375961304,-0.09330900013446808,-2.501797914505005,2.2528419494628906,1.0648059844970703,3.8464620113372803
2222238700,79.65477752685547,35.90965270996094,-0.22525599598884583,-0.16203099489212036,-2.501797914505005,1.392024040222168,0.6825519800186157,3.974478006362915
2222248700,79.63865661621094,35.90965270996094,-0.12102700024843216,-0.08994899690151215,-2.501797914505005,1.2873380184173584,1.5978069305419922,3.9206390380859375
2222258700,79.62625122070312,35.90507507324219,-0.24243700504302979,-0.1056789979338646,-2.501797914505005,1.4907280206680298,1.3537390232086182,3.8380870819091797
2222268700,79.60233306884766,35.90049743652344,-0.23525899648666382,-0.08040499687194824,-2.501797914505005,1.8287140130996704,1.1706880331039429,3.850050926208496
2222278700,79.5908203125,35.90049743652344,-0.08819299936294556,-0.20395199954509735,-2.501797914505005,2.219341993331909,1.5110669136047363,4.043869972229004
2222288700,79.56320190429688,35.90049743652344,-0.20670099556446075,-0.07849600166082382,-2.501797914505005,1.5481560230255127,0.7417749762535095,3.8620150089263916
2222298700,79.55438232421875,35.91423034667969,-0.12774699926376343,-0.14194899797439575,-2.501797914505005,1.669590950012207,1.5050849914550781,3.5940189361572266
2222308700,79.52955627441406,35.90507507324219,-0.05215200036764145,-0.10285399854183197,-2.501797914505005,1.2735790014266968,1.0474580526351929,3.8344979286193848
2222318700,79.5134506225586,35.90507507324219,-0.19203999638557434,-0.05276300013065338,-2.501797914505005,1.7479560375213623,1.161715030670166,3.6424739360809326
2222328700,79.49822998046875,35.90965270996094,-0.08872800320386887,-0.07994599640369415,-2.501797914505005,1.411167025566101,1.0169490575790405,3.9421749114990234
2222338700,79.47200775146484,35.90507507324219,-0.19623999297618866,-0.11140599846839905,-2.501797914505005,1.6378870010375977,1.2011959552764893,3.7525439262390137
2222348700,79.44808959960938,35.90049743652344,-0.22670699656009674,-0.2092210054397583,-2.501797914505005,1.8604190349578857,1.2933199405670166,3.7202401161193848
2222358700,79.44068145751953,35.90965270996094,-0.25808998942375183,-0.16531500220298767,-2.501797914505005,1.4165500402450562,1.2658029794692993,3.7770700454711914
2222368700,79.41996002197266,35.90965270996094,-0.310014009475708,-0.17386700212955475,-2.501797914505005,1.4500499963760376,0.9302089810371399,4.212563991546631
2222378700,79.4052505493164,35.90507507324219,-0.13683299720287323,-0.17440100014209747,-2.501797914505005,1.6677970886230469,1.202991008758545,4.225125789642334
2222388700,79.38223266601562,35.90507507324219,-0.1586720049381256,-0.09231600165367126,-2.501797914505005,1.4177470207214355,0.8859419822692871,4.195216178894043
2222398700,79.36701202392578,35.90965270996094,-0.18387000262737274,-0.11430799961090088,-2.501797914505005,2.024327039718628,1.5666999816894531,3.610769033432007
2222408700,79.34539794921875,35.90507507324219,-0.20731200277805328,-0.12812800705432892,-2.501797914505005,1.4129610061645508,1.263409972190857,3.606580972671509
2222418700,79.33849334716797,35.90507507324219,-0.12736499309539795,-0.11614000052213669,-2.501797914505005,1.50089693069458,1.1174479722976685,3.5802600383758545
2222428700,79.31867218017578,35.90965270996094,-0.2994000017642975,-0.15012000501155853,-2.501797914505005,1.5553339719772339,1.302293062210083,3.6382861137390137
2222438700,79.30306243896484,35.90049743652344,-0.3636929988861084,-0.18012799322605133,-2.501797914505005,1.9591230154037476,0.4402790069580078,3.8829519748687744
2222448700,79.28465270996094,35.90049743652344,-0.2628999948501587,-0.1781429946422577,-2.501797914505005,1.5720839500427246,0.9158520102500916,3.671786069869995
2222458700,79.26712799072266,35.90507507324219,-0.2752709984779358,-0.16386400163173676,-2.501797914505005,1.9184449911117554,0.875773012638092,3.74357008934021
2222468700,79.2455062866211,35.90049743652344,-0.2015089988708496,-0.07467799633741379,-2.501797914505005,1.4721839427947998,1.2107679843902588,3.8428730964660645
2222478700,79.22978210449219,35.91423034667969,-0.2795470058917999,-0.14194899797439575,-2.501797914505005,1.6660020351409912,0.956529974937439,4.125226020812988
2222488700,79.21009063720703,35.89591979980469,-0.15241000056266785,-0.07902999967336655,-2.501797914505005,1.562512993812561,1.0420739650726318,3.7549359798431396
2222498700,79.18795776367188,35.90049743652344,-0.1348479986190796,-0.15057800710201263,-2.501797914505005,1.4997010231018066,1.3782650232315063,3.7908289432525635
2222508700,79.1755599975586,35.89591979980469,-0.24816299974918365,-0.11003100126981735,-2.501797914505005,2.2977070808410645,0.8721830248832703,3.7423739433288574
2222518700,79.14653015136719,35.90049743652344,-0.19578200578689575,-0.08422199636697769,-2.501797914505005,1.7844469547271729,0.8835489749908447,3.5874390602111816
2222528700,79.13910675048828,35.90965270996094,-0.21571099758148193,-0.14049799740314484,-2.501797914505005,2.0560319423675537,0.9397810101509094,3.4474589824676514
2222538700,79.11519622802734,35.90507507324219,-0.14194899797439575,-0.08239000290632248,-2.501797914505005,1.7958130836486816,1.284945011138916,3.808774948120117
2222548700,79.10369110107422,35.90507507324219,-0.11873599886894226,-0.12522700428962708,-2.501797914505005,0.9798600077629089,0.5563309788703918,3.1304099559783936
2222558700,79.07926177978516,35.90965270996094,-0.07208199799060822,-0.07803799957036972,-2.501797914505005,1.5272190570831299,1.5170490741729736,3.9457640647888184
2222568700,79.06684875488281,35.90507507324219,-0.2019670009613037,-0.126678004860878,-2.501797914505005,1.5188440084457397,1.142572045326233,4.0510478019714355
2222578700,79.04754638671875,35.90049743652344,-0.11400199681520462,-0.0852150022983551,-2.501797914505005,1.820936918258667,1.8305089473724365,3.9248270988464355
2222588700,79.03143310546875,35.90049743652344,-0.18295399844646454,-0.11904200166463852,-2.501797914505005,1.5314059257507324,0.9708870053291321,3.686142921447754
2222598700,79.01531982421875,35.90049743652344,-0.12492100149393082,-0.1763100028038025,-2.501797914505005,2.110469102859497,1.5804589986801147,3.547358989715576
2222608700,79.00099182128906,35.90965270996094,-0.22953200340270996,-0.13194599747657776,-2.501797914505005,1.6905289888381958,1.596011996269226,3.383450984954834
2222618700,78.97477722167969,35.90507507324219,-0.1909710019826889,-0.12003400176763535,-2.501797914505005,2.158324956893921,1.3256230354309082,3.531805992126465
2222628700,78.96096801757812,35.90507507324219,-0.09789100289344788,-0.07994599640369415,-2.501797914505005,2.1984050273895264,1.8975080251693726,3.8279170989990234
2222638700,78.9411392211914,35.90965270996094,-0.16737699508666992,-0.06895100325345993,-2.501797914505005,1.7210369110107422,0.8315050005912781,3.410369873046875
2222648700,78.92503356933594,35.90965270996094,-0.1886799931526184,-0.20303599536418915,-2.501797914505005,2.1260221004486084,1.4051849842071533,3.8650059700012207
2222658700,78.90660858154297,35.90965270996094,-0.14156700670719147,-0.07185199856758118,-2.501797914505005,1.4835500717163086,0.6382849812507629,3.547956943511963
2222668700,78.8905029296875,35.90965270996094,-0.2648099958896637,-0.10476300120353699,-2.501797914505005,1.2669990062713623,0.9409769773483276,3.575474977493286
2222678700,78.86888885498047,35.90507507324219,-0.26144999265670776,-0.1171329990029335,-2.501797914505005,1.8915259838104248,1.3704890012741089,3.457628011703491
2222688700,78.8481674194336,35.90507507324219,-0.1586720049381256,-0.1162170022726059,-2.501797914505005,1.0737789869308472,0.3080750107765198,3.5485548973083496
2222698700,78.83294677734375,35.90965270996094,-0.310014009475708,-0.12957899272441864,-2.501797914505005,2.0267200469970703,1.3824529647827148,3.5503499507904053
2222708700,78.81913757324219,35.90965270996094,-0.2852739989757538,-0.1786780059337616,-2.501797914505005,1.7401800155639648,1.3800599575042725,3.7489540576934814
2222718700,78.79522705078125,35.90507507324219,-0.286190003156662,-0.11949999630451202,-2.501797914505005,1.993818998336792,1.1234300136566162,3.777667999267578
2222728700,78.7777099609375,35.90965270996094,-0.15111200511455536,-0.14958499372005463,-2.501797914505005,1.9345970153808594,0.8404780030250549,3.870389938354492
2222738700,78.76812744140625,35.89591979980469,-0.1549299955368042,-0.1056789979338646,-2.501797914505005,1.484745979309082,0.9649050235748291,3.440279960632324
2222748700,78.74919128417969,35.90507507324219,-0.3067300021648407,-0.06750000268220901,-2.501797914505005,2.0548360347747803,1.3393819332122803,3.134597063064575
2222758700,78.73626708984375,35.90965270996094,-0.24671299755573273,-0.1576790064573288,-2.501797914505005,1.2921240329742432,1.0420739650726318,3.6454648971557617
2222768700,78.72528839111328,35.90049743652344,-0.18814599514007568,-0.09040799736976624,-2.501797914505005,1.8873379230499268,1.271785020828247,3.0729820728302
2222778700,78.70545959472656,35.90507507324219,-0.3081049919128418,-0.14339999854564667,-2.501797914505005,1.7611169815063477,0.9224330186843872,3.685544967651367
2222788700,78.6810302734375,35.90965270996094,-0.23525899648666382,-0.08994899690151215,-2.501797914505005,1.7072780132293701,0.6969090104103088,3.400799036026001
2222798700,78.6681137084961,35.91423034667969,-0.24953800439834595,-0.0961339995265007,-2.501797914505005,1.8197410106658936,0.9523429870605469,3.4636099338531494
2222808700,78.64241790771484,35.90049743652344,-0.2657260000705719,-0.1882220059633255,-2.501797914505005,1.7922239303588867,0.3260219991207123,3.3643078804016113
2222818700,78.63871002197266,35.90507507324219,-0.1758520007133484,-0.11812499910593033,-2.501797914505005,1.3477569818496704,1.2711870670318604,3.324228048324585
2222828700,78.62348175048828,35.90965270996094,-0.2685509920120239,-0.13049499690532684,-2.501797914505005,1.4949150085449219,1.6420739889144897,3.2883360385894775
2222838700,78.59638977050781,35.90049743652344,-0.2124280035495758,-0.16004599630832672,-2.501797914505005,1.4183449745178223,0.860817015171051,3.492323875427246
2222848700,78.57708740234375,35.89591979980469,-0.24144400656223297,-0.15241000056266785,-2.501797914505005,1.5882359743118286,0.944566011428833,3.909872055053711
2222858700,78.56275177001953,35.90507507324219,-0.16783499717712402,-0.07139399647712708,-2.501797914505005,1.8035900592803955,0.9284150004386902,3.4821550846099854
2222868700,78.54115295410156,35.90049743652344,-0.17020200192928314,-0.0551300011575222,-2.501797914505005,1.6259219646453857,0.6352940201759338,3.279961109161377
2222878700,78.52734375,35.90049743652344,-0.2785539925098419,-0.1166749969124794,-2.501797914505005,1.5409770011901855,0.41216298937797546,3.588634967803955
2222888700,78.5135269165039,35.90049743652344,-0.22052200138568878,-0.0765869989991188,-2.501797914505005,1.5816550254821777,0.742372989654541,3.2219350337982178
2222898700,78.4919204711914,35.89591979980469,-0.252362996339798,-0.11858399957418442,-2.501797914505005,1.4315060377120972,0.7890329957008362,3.4013969898223877
2222908700,78.47669982910156,35.90049743652344,-0.1476760059595108,-0.17157599329948425,-2.501797914505005,1.7006980180740356,0.18783600628376007,3.472583055496216
2222918700,78.4522705078125,35.90507507324219,-0.15393799543380737,-0.07330299913883209,-2.501797914505005,1.5361919403076172,0.13698899745941162,3.114856004714966
2222928700,78.43792724609375,35.91423034667969,-0.2119700014591217,-0.11949999630451202,-2.501797914505005,1.6929209232330322,0.23150500655174255,3.0598208904266357
2222938700,78.41773986816406,35.90507507324219,-0.1339319944381714,-0.042302001267671585,-2.501797914505005,1.4309070110321045,0.5449650287628174,3.7848470211029053
2222948700,78.39472198486328,35.90507507324219,-0.2852739989757538,-0.04321800172328949,-2.501797914505005,1.1383850574493408,0.024526000022888184,3.5371899604797363
2222958700,78.38604736328125,35.89591979980469,-0.20586100220680237,-0.0952180027961731,-2.501797914505005,1.62233304977417,0.5934200286865234,3.4642081260681152
2222968700,78.36852264404297,35.90049743652344,-0.12545600533485413,-0.09376700222492218,-2.501797914505005,1.57567298412323,0.5754730105400085,3.3451650142669678
2222978700,78.35417938232422,35.90965270996094,-0.20288300514221191,-0.0637580007314682,-2.501797914505005,1.8987040519714355,0.1609169989824295,3.2362918853759766
2222988700,78.33487701416016,35.90507507324219,-0.16340599954128265,-0.04940300062298775,-2.501797914505005,1.5062810182571411,1.1647059917449951,3.1304099559783936
2222998700,78.31964874267578,35.90965270996094,-0.21380199491977692,-0.1166749969124794,-2.501797914505005,1.6833500862121582,0.720238983631134,3.0137600898742676
2223008700,78.30406951904297,35.90049743652344,-0.08009900152683258,-0.025120999664068222,-2.501797914505005,1.4003989696502686,0.8656030297279358,3.788435935974121
2223018700,78.2796401977539,35.90507507324219,-0.21907100081443787,-0.1357640027999878,-2.501797914505005,1.4865410327911377,0.35413700342178345,3.575474977493286
2223028700,78.26954650878906,35.90049743652344,-0.1653909981250763,-0.048944998532533646,-2.501797914505005,1.2287139892578125,0.4043869972229004,3.34755802154541
2223038700,78.25662231445312,35.90507507324219,-0.2853499948978424,-0.05703900009393692,-2.501797914505005,0.8721830248832703,0.3469589948654175,3.757328987121582
2223048700,78.24050903320312,35.90507507324219,-0.23487700521945953,-0.07131800055503845,-2.501797914505005,1.6731810569763184,1.0217349529266357,3.637089967727661
2223058700,78.21891021728516,35.90049743652344,-0.17012499272823334,-0.04512700065970421,-2.501797914505005,1.1581259965896606,1.1629109382629395,3.571286916732788
2223068700,78.20368957519531,35.90507507324219,-0.25808998942375183,-0.08086299896240234,-2.501797914505005,1.5517449378967285,1.1760720014572144,3.287738084793091
2223078700,78.19535827636719,35.90965270996094,-0.2520579993724823,-0.053220998495817184,-2.501797914505005,1.3381860256195068,1.2592220306396484,3.3469600677490234
2223088700,78.16828155517578,35.90049743652344,-0.2110529989004135,-0.10231900215148926,-2.501797914505005,1.3357930183410645,0.9098700284957886,3.588634967803955
2223098700,78.16651153564453,35.89134216308594,-0.20578500628471375,-0.07276900112628937,-2.501797914505005,1.5559320449829102,0.9960119724273682,3.544965982437134
2223108700,78.1475601196289,35.90049743652344,-0.14866900444030762,-0.07085999846458435,-2.501797914505005,0.9720839858055115,0.6771680116653442,3.2099709510803223
2223118700,78.13835906982422,35.90049743652344,-0.1891389936208725,-0.09231600165367126,-2.501797914505005,1.4883350133895874,1.284945011138916,3.4319050312042236
2223128700,78.1185302734375,35.90507507324219,-0.2119700014591217,-0.127593994140625,-2.501797914505005,0.8243269920349121,0.5102689862251282,3.3810579776763916
2223138700,78.09693145751953,35.90049743652344,-0.17440100014209747,-0.07467799633741379,-2.501797914505005,0.9439679980278015,0.9248250126838684,3.108275890350342
2223148700,78.09551239013672,35.90507507324219,-0.20815199613571167,-0.09758500009775162,-2.501797914505005,1.0971089601516724,0.882951021194458,3.4905290603637695
2223158700,78.07621765136719,35.90049743652344,-0.3522399961948395,-0.12140899896621704,-2.501797914505005,1.1018940210342407,0.547357976436615,3.3230319023132324
2223168700,78.05638885498047,35.90507507324219,-0.15149399638175964,-0.15577000379562378,-2.501797914505005,1.601396083831787,1.3764710426330566,3.462414026260376
2223178700,78.0411605834961,35.90965270996094,-0.13102999329566956,-0.07422000169754028,-2.501797914505005,1.0420739650726318,0.8524429798126221,3.6209380626678467
2223188700,78.02964782714844,35.90965270996094,-0.21670399606227875,-0.07231099903583527,-2.501797914505005,1.322632074356079,1.128214955329895,3.0095720291137695
2223198700,78.00575256347656,35.90507507324219,-0.22388200461864471,-0.1581369936466217,-2.501797914505005,0.7866399884223938,0.6550350189208984,3.443869113922119
2223208700,77.99105834960938,35.90049743652344,-0.10537400096654892,-0.10903900116682053,-2.501797914505005,0.9104679822921753,0.7429710030555725,3.541377067565918
2223218700,77.97724914550781,35.90049743652344,-0.18150299787521362,-0.10231900215148926,-2.501797914505005,1.0097709894180298,0.1633100062608719,3.320639133453369
2223228700,77.96114349365234,35.90049743652344,-0.20295900106430054,-0.11094799637794495,-2.501797914505005,1.0468590259552002,0.7429710030555725,3.5120649337768555
2223238700,77.94219207763672,35.90965270996094,-0.19677400588989258,-0.18723000586032867,-2.501797914505005,0.9792619943618774,0.6173480153083801,3.402592897415161
2223248700,77.92662048339844,35.90049743652344,-0.16248999536037445,-0.15294499695301056,-2.501797914505005,0.7872380018234253,0.31644999980926514,3.6209380626678467
2223258700,77.9145736694336,35.90965270996094,-0.21960599720478058,-0.1476760059595108,-2.501797914505005,0.9852439761161804,0.63230299949646,3.290131092071533
2223268700,77.88836669921875,35.90507507324219,-0.23579299449920654,-0.16340599954128265,-2.501797914505005,1.6612169742584229,0.7447659969329834,3.4947171211242676
2223278700,77.86589813232422,35.89591979980469,-0.09972299635410309,-0.14339999854564667,-2.501797914505005,1.2759720087051392,0.3002989888191223,3.300300121307373
2223288700,77.85296630859375,35.90049743652344,-0.12873899936676025,-0.16485700011253357,-2.501797914505005,1.3926219940185547,0.12741699814796448,3.378664970397949
2223298700,77.838623046875,35.90965270996094,-0.1791359931230545,-0.12522700428962708,-2.501797914505005,1.1461620330810547,0.5359920263290405,3.366701126098633
2223308700,77.8202133178711,35.90965270996094,-0.17348499596118927,-0.15095899999141693,-2.501797914505005,1.1802589893341064,0.2991020083427429,3.4085750579833984
2223318700,77.80058288574219,35.89134216308594,-0.19494199752807617,-0.13523000478744507,-2.501797914505005,0.9936190247535706,0.5138580203056335,2.9712870121002197
2223328700,77.78163146972656,35.90049743652344,-0.1116349995136261,-0.16103899478912354,-2.501797914505005,1.3046860694885254,0.6903290152549744,3.309870958328247
2223338700,77.77330017089844,35.90507507324219,-0.2115119993686676,-0.18921500444412231,-2.501797914505005,1.3764710426330566,0.1399800032377243,3.712463855743408
2223348700,77.75807189941406,35.90965270996094,-0.1672240048646927,-0.10858099907636642,-2.501797914505005,1.4823529720306396,0.652642011642456,2.969491958618164
2223358700,77.73100280761719,35.90049743652344,-0.14110900461673737,-0.12003400176763535,-2.501797914505005,1.420140027999878,0.9577270150184631,3.909872055053711
2223368700,77.71807098388672,35.90507507324219,-0.13920000195503235,-0.10858099907636642,-2.501797914505005,1.3716850280761719,0.6628109812736511,3.3062820434570312
2223378700,77.69877624511719,35.90049743652344,-0.07070700079202652,-0.12476900219917297,-2.501797914505005,1.336988925933838,0.9086740016937256,3.1890339851379395
2223388700,77.68267059326172,35.90049743652344,-0.04398199915885925,-0.11094799637794495,-2.501797914505005,1.4877369403839111,0.574874997138977,3.077768087387085
2223398700,77.6734619140625,35.90049743652344,-0.06536199897527695,-0.16821600496768951,-2.501797914505005,1.995015025138855,0.6771680116653442,3.1495521068573
2223408700,77.64901733398438,35.90507507324219,-0.18249499797821045,-0.13102999329566956,-2.501797914505005,1.9244270324707031,1.681555986404419,3.083750009536743
2223418700,77.63751983642578,35.90507507324219,-0.1458439975976944,-0.1376730054616928,-2.501797914505005,1.621137022972107,1.271785020828247,3.132204055786133
2223428700,77.62689208984375,35.90965270996094,-0.1253799945116043,-0.18486200273036957,-2.501797914505005,1.5672979354858398,1.550549030303955,3.081357002258301
2223438700,77.61363220214844,35.90049743652344,-0.12446299940347672,-0.13286300003528595,-2.501797914505005,1.9154539108276367,1.8370890617370605,3.0311079025268555
2223448700,77.59751892089844,35.90049743652344,-0.11354400217533112,-0.13003699481487274,-2.501797914505005,1.7210369110107422,0.9840480089187622,3.437886953353882
2223458700,77.57679748535156,35.90049743652344,-0.1467600017786026,-0.13431300222873688,-2.501797914505005,1.5373880863189697,1.1611169576644897,3.6011979579925537
2223468700,77.55467224121094,35.90507507324219,-0.201432004570961,-0.1376730054616928,-2.501797914505005,1.4147560596466064,1.0444669723510742,3.134597063064575
2223478700,77.54918670654297,35.90049743652344,-0.17486000061035156,-0.11476600170135498,-2.501797914505005,1.601396083831787,1.515254020690918,3.1268200874328613
2223488700,77.5279312133789,35.90965270996094,-0.0901779979467392,-0.09040799736976624,-2.501797914505005,1.1138579845428467,1.1347960233688354,2.9413769245147705
2223498700,77.5118179321289,35.90965270996094,-0.14202600717544556,-0.1362220048904419,-2.501797914505005,1.604984998703003,1.563709020614624,3.1292130947113037
2223508700,77.49713134765625,35.90507507324219,-0.1582140028476715,-0.10476300120353699,-2.501797914505005,1.1383850574493408,1.3399800062179565,3.1842479705810547
2223518700,77.48245239257812,35.90049743652344,-0.22006399929523468,-0.1353060007095337,-2.501797914505005,1.6660020351409912,0.8404780030250549,2.778665065765381
2223528700,77.46404266357422,35.90049743652344,-0.3309360146522522,-0.0956759974360466,-2.501797914505005,1.1964110136032104,0.7268189787864685,3.0897319316864014
2223538700,77.44563293457031,35.90049743652344,-0.09972299635410309,-0.05894799903035164,-2.501797914505005,1.1754740476608276,1.1515450477600098,3.2255239486694336
2223548700,77.44190216064453,35.90507507324219,-0.2343430072069168,-0.12385199964046478,-2.501797914505005,1.0390830039978027,1.534397006034851,3.229114055633545
2223558700,77.42349243164062,35.90507507324219,-0.08636000007390976,-0.12767000496387482,-2.501797914505005,1.3495509624481201,1.5337989330291748,3.131606101989746
2223568700,77.40103149414062,35.89591979980469,-0.1553879976272583,-0.0961339995265007,-2.501797914505005,1.3363909721374512,1.1210370063781738,3.2997019290924072
2223578700,77.3949966430664,35.90049743652344,-0.14920300245285034,-0.07612799853086472,-2.501797914505005,1.1700899600982666,1.5852439403533936,3.1022939682006836
2223588700,77.38207244873047,35.90507507324219,-0.07734999805688858,-0.1586720049381256,-2.501797914505005,1.1635090112686157,1.0522429943084717,3.1591238975524902
2223598700,77.36277770996094,35.90049743652344,-0.16966700553894043,-0.13668100535869598,-2.501797914505005,1.0899300575256348,1.3657029867172241,2.9306089878082275
2223608700,77.34294891357422,35.90507507324219,-0.20295900106430054,-0.11812499910593033,-2.501797914505005,1.1312060356140137,0.7298099994659424,3.079561948776245
2223618700,77.32684326171875,35.90507507324219,-0.19249799847602844,-0.1472180038690567,-2.501797914505005,1.038485050201416,0.9332000017166138,2.9204390048980713
2223628700,77.3153305053711,35.90507507324219,-0.34613099694252014,-0.11384899914264679,-2.501797914505005,0.8644070029258728,1.174875020980835,3.1435699462890625
2223638700,77.29517364501953,35.89591979980469,-0.1986829936504364,-0.13003699481487274,-2.501797914505005,1.1611169576644897,1.4380860328674316,2.8833510875701904
2223648700,77.28256225585938,35.91423034667969,-0.13965800404548645,-0.15149399638175964,-2.501797914505005,1.3537390232086182,1.5499500036239624,3.046660900115967
2223658700,77.26701354980469,35.90507507324219,-0.20295900106430054,-0.12049300223588943,-2.501797914505005,1.1772680282592773,1.204187035560608,3.327817916870117
2223668700,77.25090026855469,35.90507507324219,-0.1358409970998764,-0.17722700536251068,-2.501797914505005,1.001994013786316,0.9098700284957886,2.8043880462646484
2223678700,77.23478698730469,35.90507507324219,-0.17531800270080566,-0.13240499794483185,-2.501797914505005,1.1258230209350586,0.5138580203056335,3.004188060760498
2223688700,77.21408081054688,35.90507507324219,-0.18150299787521362,-0.15577000379562378,-2.501797914505005,0.9349949955940247,0.5120639801025391,3.1651060581207275
2223698700,77.19796752929688,35.90507507324219,-0.1581369936466217,-0.1362220048904419,-2.501797914505005,1.3489530086517334,0.7956129908561707,3.038883924484253
2223708700,77.17868041992188,35.90049743652344,-0.18287700414657593,-0.1686750054359436,-2.501797914505005,1.1515450477600098,0.9230309724807739,2.9204390048980713
2223718700,77.16114807128906,35.90507507324219,-0.20769399404525757,-0.14339999854564667,-2.501797914505005,1.1126619577407837,0.5772680044174194,2.9844470024108887
2223728700,77.15019989013672,35.89591979980469,-0.22296500205993652,-0.1691329926252365,-2.501797914505005,1.3328020572662354,0.8165500164031982,2.8989040851593018
2223738700,77.12663269042969,35.90507507324219,-0.1453849971294403,-0.09330900013446808,-2.501797914505005,1.4877369403839111,0.43429699540138245,3.148953914642334
2223748700,77.11195373535156,35.90049743652344,-0.1763100028038025,-0.15340299904346466,-2.501797914505005,1.2693920135498047,0.4695909917354584,2.8899309635162354
2223758700,77.11139678955078,35.90965270996094,-0.17348499596118927,-0.15485399961471558,-2.501797914505005,1.358525037765503,0.6131600141525269,3.3200409412384033
2223768700,77.09529113769531,35.90965270996094,-0.21670399606227875,-0.15531200170516968,-2.501797914505005,1.6588239669799805,0.7842469811439514,2.9276180267333984
2223778700,77.07196044921875,35.89591979980469,-0.11293300241231918,-0.13339699804782867,-2.501797914505005,1.0701889991760254,0.35353899002075195,3.0855441093444824
2223788700,77.04981994628906,35.90049743652344,-0.1563050001859665,-0.12858699262142181,-2.501797914505005,1.7395820617675781,0.5778660178184509,2.8546371459960938
2223798700,77.03370666503906,35.90049743652344,-0.18341200053691864,-0.1257610023021698,-2.501797914505005,1.5349950790405273,0.636489987373352,3.5312070846557617
2223808700,77.02538299560547,35.90507507324219,-0.13202300667762756,-0.11003100126981735,-2.501797914505005,1.8227319717407227,0.8045859932899475,2.8247270584106445
2223818700,77.00697326660156,35.90507507324219,-0.1986829936504364,-0.12385199964046478,-2.501797914505005,1.194018006324768,0.1453630030155182,3.248255968093872
2223828700,76.98825073242188,35.89134216308594,-0.12774699926376343,-0.10186100006103516,-2.501797914505005,1.7533400058746338,0.6729810237884521,3.2225329875946045
2223838700,76.97015380859375,35.90507507324219,-0.1586720049381256,-0.0765869989991188,-2.501797914505005,1.481755018234253,0.7160519957542419,2.9856438636779785
2223848700,76.9554672241211,35.90049743652344,-0.18295399844646454,-0.16248999536037445,-2.501797914505005,1.4099700450897217,0.5222330093383789,3.1399810314178467
2223858700,76.93794250488281,35.90507507324219,-0.19814899563789368,-0.1056789979338646,-2.501797914505005,1.5224330425262451,0.5694910287857056,2.7858428955078125
2223868700,76.92413330078125,35.90507507324219,-0.19295600056648254,-0.07994599640369415,-2.501797914505005,1.7371890544891357,0.8841469883918762,2.9413769245147705
2223878700,76.92040252685547,35.90965270996094,-0.14775200188159943,-0.09422499686479568,-2.501797914505005,1.8538389205932617,1.1527420282363892,3.119044065475464
2223888700,76.89563751220703,35.90049743652344,-0.18486200273036957,-0.10331200063228607,-2.501797914505005,1.6743769645690918,1.0097709894180298,2.8899309635162354
2223898700,76.87866973876953,35.89591979980469,-0.2628999948501587,-0.06658399850130081,-2.501797914505005,1.3603190183639526,0.9475569725036621,3.0442678928375244
2223908700,76.86517333984375,35.90965270996094,-0.09117099642753601,-0.05894799903035164,-2.501797914505005,1.738982915878296,0.9930210113525391,2.9611170291900635
2223918700,76.8504867553711,35.90507507324219,-0.15439599752426147,-0.09094200283288956,-2.501797914505005,1.1593220233917236,1.326220989227295,2.911466121673584
2223928700,76.84129333496094,35.90507507324219,-0.07399000227451324,-0.06711799651384354,-2.501797914505005,1.6175479888916016,0.8638079762458801,2.8594229221343994
2223938700,76.81281280517578,35.90049743652344,-0.13064800202846527,-0.08567299693822861,-2.501797914505005,1.4219340085983276,1.2693920135498047,3.0263218879699707
2223948700,76.80732727050781,35.89591979980469,-0.21578800678253174,-0.09094200283288956,-2.501797914505005,1.5786640644073486,1.1904289722442627,3.1680970191955566
2223958700,76.79440307617188,35.90049743652344,-0.19341500103473663,-0.046578001230955124,-2.501797914505005,1.5511469841003418,1.3704890012741089,3.2398810386657715
2223968700,76.77052307128906,35.89591979980469,-0.14920300245285034,-0.07994599640369415,-2.501797914505005,1.6378870010375977,1.0923229455947876,3.0239291191101074
2223978700,76.76766204833984,35.90507507324219,-0.09636300057172775,-0.08804000169038773,-2.501797914505005,1.5284149646759033,0.917048990726471,3.0598208904266357
2223988700,76.74463653564453,35.90507507324219,-0.16012200713157654,-0.05940600112080574,-2.501797914505005,1.3477569818496704,1.2382850646972656,2.863610029220581
2223998700,76.72219848632812,35.89591979980469,-0.24953800439834595,-0.10949700325727463,-2.501797914505005,1.358525037765503,0.887736976146698,2.9509479999542236
2224008700,76.71012878417969,35.90507507324219,-0.2528980076313019,-0.0737610012292862,-2.501797914505005,1.472782015800476,0.9894319772720337,3.200399875640869
2224018700,76.69631958007812,35.90507507324219,-0.18058599531650543,-0.09666900336742401,-2.501797914505005,1.3956129550933838,1.0582250356674194,3.0729820728302
2224028700,76.69258880615234,35.90965270996094,-0.17951700091362,-0.10140299797058105,-2.501797914505005,1.177865982055664,0.5078759789466858,3.2410778999328613
2224038700,76.66870880126953,35.90507507324219,-0.2547299861907959,-0.0852150022983551,-2.501797914505005,1.2933199405670166,1.050449013710022,2.9204390048980713
2224048700,76.6517333984375,35.90049743652344,-0.2319760024547577,-0.058490000665187836,-2.501797914505005,1.1497509479522705,0.7489529848098755,3.1680970191955566
2224058700,76.63562774658203,35.90049743652344,-0.23388400673866272,-0.09330900013446808,-2.501797914505005,1.2939180135726929,0.6305080056190491,2.8630120754241943
2224068700,76.62181854248047,35.90049743652344,-0.24052800238132477,-0.08139699697494507,-2.501797914505005,0.9194419980049133,0.6430709958076477,2.9605190753936768
2224078700,76.60514831542969,35.90965270996094,-0.1686750054359436,-0.07085999846458435,-2.501797914505005,1.3202390670776367,0.6771680116653442,2.8695919513702393
2224088700,76.59507751464844,35.90507507324219,-0.2452619969844818,-0.09949400275945663,-2.501797914505005,0.9750750064849854,0.7770689725875854,2.946761131286621
2224098700,76.57206726074219,35.90507507324219,-0.22525599598884583,-0.10239599645137787,-2.501797914505005,0.9864410161972046,0.427717000246048,3.097507953643799
2224108700,76.5781021118164,35.90049743652344,-0.18723000586032867,-0.12003400176763535,-2.501797914505005,1.11326003074646,0.7962110042572021,2.785244941711426
2224118700,76.55738830566406,35.90049743652344,-0.1667660027742386,-0.07422000169754028,-2.501797914505005,1.0911270380020142,1.000797986984253,3.052643060684204
2224128700,76.53439331054688,35.90049743652344,-0.2119700014591217,-0.0651329979300499,-2.501797914505005,1.2825520038604736,0.6550350189208984,3.0538389682769775
2224138700,76.526611328125,35.89591979980469,-0.15241000056266785,-0.10667199641466141,-2.501797914505005,1.3040879964828491,1.0193419456481934,2.7984061241149902
2224148700,76.50763702392578,35.90507507324219,-0.191429004073143,-0.11285699903964996,-2.501797914505005,0.9086740016937256,0.39361900091171265,2.980858087539673
2224158700,76.48922729492188,35.90507507324219,-0.1553879976272583,-0.12377600371837616,-2.501797914505005,0.9744769930839539,0.47437700629234314,2.764307975769043
2224168700,76.47456359863281,35.90049743652344,-0.2680929899215698,-0.11858399957418442,-2.501797914505005,1.0923229455947876,0.5024920105934143,3.0131609439849854
2224178700,76.45529174804688,35.89591979980469,-0.22624899446964264,-0.12767000496387482,-2.501797914505005,1.283748984336853,0.470786988735199,2.9204390048980713
2224188700,76.44322204589844,35.90507507324219,-0.13820800185203552,-0.12812800705432892,-2.501797914505005,1.4165500402450562,0.29431700706481934,3.1070799827575684
2224198700,76.43083953857422,35.90049743652344,-0.20013399422168732,-0.12568500638008118,-2.501797914505005,1.2400799989700317,0.45403799414634705,2.818145990371704
2224208700,76.41100311279297,35.90507507324219,-0.19349099695682526,-0.11949999630451202,-2.501797914505005,1.0145560503005981,0.17168499529361725,2.8456640243530273
2224218700,76.39775848388672,35.89591979980469,-0.14202600717544556,-0.13240499794483185,-2.501797914505005,1.5367900133132935,0.8327019810676575,2.5459630489349365
2224228700,76.3819580078125,35.90965270996094,-0.22769899666309357,-0.12285999953746796,-2.501797914505005,1.252642035484314,0.3260219991207123,2.867198944091797
2224238700,76.3595199584961,35.90049743652344,-0.17104199528694153,-0.14149099588394165,-2.501797914505005,1.6163510084152222,0.23330000042915344,2.912065029144287
2224248700,76.34800720214844,35.90049743652344,-0.1453849971294403,-0.11049000173807144,-2.501797914505005,1.3322030305862427,-0.15373800694942474,2.7684950828552246
2224258700,76.3319091796875,35.90049743652344,-0.2019670009613037,-0.15195199847221375,-2.501797914505005,1.8466600179672241,0.17587199807167053,2.9246270656585693
2224268700,76.31809997558594,35.90049743652344,-0.17104199528694153,-0.11049000173807144,-2.501797914505005,1.1641080379486084,0.20757700502872467,2.8486549854278564
2224278700,76.29193115234375,35.89591979980469,-0.04550899937748909,-0.12049300223588943,-2.501797914505005,1.6283149719238281,0.6831499934196472,2.7242279052734375
2224288700,76.27294921875,35.90507507324219,-0.10590799897909164,-0.09804300218820572,-2.501797914505005,1.7551350593566895,0.9056829810142517,2.478365898132324
2224298700,76.26058197021484,35.90049743652344,-0.13064800202846527,-0.09285099804401398,-2.501797914505005,1.6325030326843262,0.41096699237823486,2.877368927001953
2224308700,76.24677276611328,35.90049743652344,-0.1253799945116043,-0.14003999531269073,-2.501797914505005,1.4679960012435913,0.2243269979953766,2.416152000427246
2224318700,76.23297119140625,35.90049743652344,-0.12446299940347672,-0.11812499910593033,-2.501797914505005,1.4141579866409302,0.8362910151481628,2.509471893310547
2224328700,76.21600341796875,35.89591979980469,-0.1563050001859665,-0.09285099804401398,-2.501797914505005,1.5074779987335205,0.6299099922180176,2.7684950828552246
2224338700,76.2044906616211,35.89591979980469,-0.10781700164079666,-0.06895100325345993,-2.501797914505005,1.2484550476074219,0.41515401005744934,3.0047860145568848
2224348700,76.19471740722656,35.90507507324219,-0.16065700352191925,-0.04558499902486801,-2.501797914505005,1.7294120788574219,1.0169490575790405,3.046660900115967
2224358700,76.17170715332031,35.90507507324219,-0.13011400401592255,-0.02893899939954281,-2.501797914505005,1.6743769645690918,0.8141570091247559,2.736191987991333
2224368700,76.15704345703125,35.90049743652344,-0.11064200103282928,-0.07849600166082382,-2.501797914505005,1.91485595703125,0.4809570014476776,3.0753750801086426
2224378700,76.14956665039062,35.90965270996094,-0.0788009986281395,-0.006947999820113182,-2.501797914505005,1.3674980401992798,0.5156530141830444,2.6111669540405273
2224388700,76.134033203125,35.90049743652344,-0.1349239945411682,-0.029854999855160713,-2.501797914505005,1.2065800428390503,0.6454629898071289,2.6751749515533447
2224398700,76.12109375,35.90507507324219,-0.09636300057172775,-0.02031099982559681,-2.501797914505005,0.9792619943618774,0.7298099994659424,2.7385849952697754
2224408700,76.09951782226562,35.90049743652344,-0.2519809901714325,-0.03985799849033356,-2.501797914505005,1.201794981956482,0.5144559741020203,2.784646987915039
2224418700,76.09664916992188,35.90965270996094,-0.20761699974536896,-0.03657500073313713,-2.501797914505005,1.3555339574813843,0.6275169849395752,2.687736988067627
2224428700,76.08428192138672,35.90507507324219,-0.16340599954128265,-0.08139699697494507,-2.501797914505005,1.7922239303588867,1.0851449966430664,2.647657871246338
2224438700,76.06414794921875,35.89591979980469,-0.20532600581645966,-0.048944998532533646,-2.501797914505005,0.9882349967956543,0.8416749835014343,2.763111114501953
2224448700,76.05207061767578,35.90507507324219,-0.12156199663877487,-0.06849300116300583,-2.501797914505005,1.5056829452514648,1.2454639673233032,2.674576997756958
2224458700,76.04429626464844,35.90049743652344,-0.20578500628471375,-0.03222300112247467,-2.501797914505005,0.5964109897613525,0.7645059823989868,2.726022958755493
2224468700,76.02906036376953,35.90507507324219,-0.1676820069551468,-0.019393999129533768,-2.501797914505005,0.7746760249137878,0.8428710103034973,2.657228946685791
2224478700,76.01209259033203,35.90049743652344,-0.1576790064573288,-0.04940300062298775,-2.501797914505005,1.0522429943084717,0.6269189715385437,2.7762720584869385
2224488700,76.00231170654297,35.90965270996094,-0.22098000347614288,-0.03176400065422058,-2.501797914505005,1.022333025932312,0.548554003238678,3.001197099685669
2224498700,75.99224853515625,35.90507507324219,-0.18768799304962158,-0.044211000204086304,-2.501797914505005,1.185642957687378,0.9858419895172119,2.5531411170959473
2224508700,75.97757720947266,35.90049743652344,-0.16348199546337128,-0.013667999766767025,-2.501797914505005,0.860817015171051,0.7561309933662415,2.867198944091797
2224518700,75.95918273925781,35.90049743652344,-0.21433700621128082,-0.04703599959611893,-2.501797914505005,0.8733800053596497,0.652642011642456,2.6578269004821777
2224528700,75.94451141357422,35.89591979980469,-0.1777610033750534,-0.04611999914050102,-2.501797914505005,1.0414760112762451,0.486939013004303,2.7409780025482178
2224538700,75.92466735839844,35.90049743652344,-0.13874199986457825,-0.06185000017285347,-2.501797914505005,0.9266200065612793,0.37746700644493103,2.687736988067627
2224548700,75.91776275634766,35.90049743652344,-0.18715299665927887,-0.06948500126600266,-2.501797914505005,1.677367925643921,0.8153539896011353,2.6961119174957275
2224558700,75.89102172851562,35.90507507324219,-0.1909710019826889,-0.0336729995906353,-2.501797914505005,0.9547359943389893,0.37088701128959656,2.6865410804748535
2224568700,75.88641357421875,35.90507507324219,-0.2005160003900528,-0.10331200063228607,-2.501797914505005,1.4249249696731567,0.37268200516700745,2.570488929748535
2224578700,75.86945343017578,35.90049743652344,-0.18012799322605133,-0.04085100069642067,-2.501797914505005,0.6969090104103088,0.5144559741020203,2.728415012359619
2224588700,75.85189819335938,35.90507507324219,-0.22960799932479858,-0.0870480015873909,-2.501797914505005,1.1946159601211548,0.11246199905872345,2.9952149391174316
2224598700,75.84500122070312,35.90507507324219,-0.22098000347614288,-0.0551300011575222,-2.501797914505005,1.3896310329437256,0.541375994682312,2.6177470684051514
2224608700,75.82630920410156,35.89134216308594,-0.24671299755573273,-0.1376730054616928,-2.501797914505005,1.3645069599151611,0.1812559962272644,2.9419751167297363
2224618700,75.80818939208984,35.90507507324219,-0.1672240048646927,-0.06322400271892548,-2.501797914505005,1.2723829746246338,0.17407700419425964,2.697906970977783
2224628700,75.79727172851562,35.89591979980469,-0.18677200376987457,-0.05039599910378456,-2.501797914505005,0.7130609750747681,0.5814549922943115,2.665005922317505
2224638700,75.77281951904297,35.90049743652344,-0.1895969957113266,-0.06467500329017639,-2.501797914505005,0.7489529848098755,0.2853440046310425,2.7559330463409424
2224648700,75.75988006591797,35.90507507324219,-0.1458439975976944,-0.05276300013065338,-2.501797914505005,1.133599042892456,0.5958120226860046,2.570488929748535
2224658700,75.75211334228516,35.90049743652344,-0.14920300245285034,-0.08323000371456146,-2.501797914505005,0.5826519727706909,-0.3888329863548279,2.636291980743408
2224668700,75.74060821533203,35.90049743652344,-0.2000579982995987,-0.08468099683523178,-2.501797914505005,1.11326003074646,0.29431700706481934,2.51724910736084
2224678700,75.71675109863281,35.89591979980469,-0.13018999993801117,-0.06948500126600266,-2.501797914505005,0.8572279810905457,0.4432699978351593,2.6458630561828613
2224688700,75.69603729248047,35.89591979980469,-0.11010800302028656,-0.09185799956321716,-2.501797914505005,0.8973079919815063,0.25244200229644775,2.6009979248046875
2224698700,75.68453979492188,35.89591979980469,-0.10865700244903564,-0.08093900233507156,-2.501797914505005,0.8021929860115051,0.5796610116958618,2.8480570316314697
2224708700,75.67388916015625,35.90049743652344,-0.18723000586032867,-0.12285999953746796,-2.501797914505005,0.8745759725570679,0.5395810008049011,2.636291980743408
2224718700,75.66383361816406,35.89591979980469,-0.026419000700116158,-0.05994100123643875,-2.501797914505005,1.1234300136566162,0.49292099475860596,2.7930219173431396
2224728700,75.65548706054688,35.90049743652344,-0.21433700621128082,-0.08093900233507156,-2.501797914505005,1.0432699918746948,0.9619140028953552,2.60219407081604
2224738700,75.63333892822266,35.90507507324219,-0.13828399777412415,-0.08086299896240234,-2.501797914505005,1.2604190111160278,0.6484540104866028,2.72662091255188
2224748700,75.62097930908203,35.90049743652344,-0.17012499272823334,-0.07849600166082382,-2.501797914505005,0.7854440212249756,0.7130609750747681,2.374876022338867
2224758700,75.60343170166016,35.90507507324219,-0.0692560002207756,-0.07085999846458435,-2.501797914505005,1.023529052734375,0.4079760015010834,2.6787638664245605
2224768700,75.59481048583984,35.89591979980469,-0.2315170019865036,-0.1162170022726059,-2.501797914505005,0.9607179760932922,0.2835490107536316,2.6201400756835938
2224778700,75.5772705078125,35.90049743652344,-0.20295900106430054,-0.11049000173807144,-2.501797914505005,0.9882349967956543,0.3637090027332306,2.709272861480713
2224788700,75.55655670166016,35.90049743652344,-0.17012499272823334,-0.08567299693822861,-2.501797914505005,1.177865982055664,0.39840400218963623,2.2977070808410645
2224798700,75.5496597290039,35.90049743652344,-0.1782190054655075,-0.10522100329399109,-2.501797914505005,0.9846460223197937,0.6514449715614319,2.7463619709014893
2224808700,75.54276275634766,35.90049743652344,-0.12011100351810455,-0.10377000272274017,-2.501797914505005,1.2747759819030762,0.1830500066280365,2.737389087677002
2224818700,75.53440856933594,35.90507507324219,-0.19578200578689575,-0.06131500005722046,-2.501797914505005,0.47437700629234314,0.4223330020904541,2.64047908782959
2224828700,75.51284790039062,35.90049743652344,-0.1882220059633255,-0.10048700124025345,-2.501797914505005,1.1635090112686157,0.6903290152549744,2.516650915145874
2224838700,75.50135040283203,35.90049743652344,-0.09972299635410309,-0.08567299693822861,-2.501797914505005,0.817147970199585,0.13100700080394745,2.7553348541259766
2224848700,75.487548828125,35.90049743652344,-0.1449269950389862,-0.11430799961090088,-2.501797914505005,1.3148560523986816,1.0510469675064087,2.577069044113159
2224858700,75.48005676269531,35.90965270996094,-0.14248399436473846,-0.10285399854183197,-2.501797914505005,1.1437690258026123,0.7824519872665405,2.7523441314697266
2224868700,75.46395111083984,35.90965270996094,-0.12446299940347672,-0.07284499704837799,-2.501797914505005,1.281954050064087,0.636489987373352,2.5495519638061523
2224878700,75.45014953613281,35.90965270996094,-0.1549299955368042,-0.09094200283288956,-2.501797914505005,1.2173479795455933,0.597009003162384,2.705085039138794
2224888700,75.42772674560547,35.90049743652344,-0.12637199461460114,-0.11430799961090088,-2.501797914505005,1.1018940210342407,0.44925200939178467,2.42392897605896
2224898700,75.4170913696289,35.90507507324219,-0.14683599770069122,-0.07231099903583527,-2.501797914505005,0.7130609750747681,0.45463600754737854,2.6626129150390625
2224908700,75.39552307128906,35.90049743652344,-0.14301800727844238,-0.07849600166082382,-2.501797914505005,0.5784639716148376,0.8015949726104736,2.4059829711914062
2224918700,75.39092254638672,35.90049743652344,-0.1453849971294403,-0.08185499906539917,-2.501797914505005,1.3268200159072876,0.9774680137634277,3.0035901069641113
2224928700,75.37712097167969,35.90049743652344,-0.13018999993801117,-0.08468099683523178,-2.501797914505005,0.827318012714386,0.7214360237121582,2.880958080291748
2224938700,75.3656234741211,35.90049743652344,-0.14385800063610077,-0.10239599645137787,-2.501797914505005,0.96670001745224,0.9451640248298645,2.498106002807617
2224948700,75.34406280517578,35.89591979980469,-0.12866300344467163,-0.07902999967336655,-2.501797914505005,0.9936190247535706,0.5030900239944458,2.7541379928588867
2224958700,75.33484649658203,35.89591979980469,-0.16439799964427948,-0.0956759974360466,-2.501797914505005,0.9672979712486267,0.5551339983940125,2.763111114501953
2224968700,75.32190704345703,35.90049743652344,-0.15966400504112244,-0.11476600170135498,-2.501797914505005,0.9589229822158813,0.7328010201454163,2.6452651023864746
2224978700,75.30435943603516,35.90507507324219,-0.17394299805164337,-0.0952180027961731,-2.501797914505005,0.9080759882926941,0.6239280104637146,2.444267988204956
2224988700,75.29975891113281,35.90507507324219,-0.13774999976158142,-0.10712999850511551,-2.501797914505005,0.8524429798126221,0.799202024936676,2.4795620441436768
2224998700,75.2781982421875,35.90049743652344,-0.18203699588775635,-0.08849799633026123,-2.501797914505005,0.8973079919815063,0.8327019810676575,2.544167995452881
2225008700,75.25518798828125,35.90049743652344,-0.2015089988708496,-0.14339999854564667,-2.501797914505005,0.5168489813804626,0.025722000747919083,2.419740915298462
2225018700,75.24598693847656,35.90049743652344,-0.15966400504112244,-0.1271360069513321,-2.501797914505005,0.9511460065841675,0.6406779885292053,2.460418939590454
2225028700,75.23278045654297,35.89134216308594,-0.2019670009613037,-0.07231099903583527,-2.501797914505005,0.5515450239181519,0.58085697889328,2.330609083175659
2225038700,75.22068786621094,35.90049743652344,-0.14683599770069122,-0.11476600170135498,-2.501797914505005,0.8327019810676575,0.7399799823760986,2.4843480587005615
2225048700,75.20543670654297,35.90507507324219,-0.15202799439430237,-0.10048700124025345,-2.501797914505005,0.5461609959602356,0.9643070101737976,2.4592230319976807
2225058700,75.20083618164062,35.90507507324219,-0.1982250064611435,-0.14194899797439575,-2.501797914505005,0.6329010128974915,0.7698900103569031,2.334197998046875
2225068700,75.18328857421875,35.90965270996094,-0.16203099489212036,-0.12049300223588943,-2.501797914505005,1.0157530307769775,0.9326019883155823,2.539381980895996
2225078700,75.1752700805664,35.89134216308594,-0.2105949968099594,-0.10040999948978424,-2.501797914505005,0.7286139726638794,0.94336998462677,2.4107680320739746
2225088700,75.15167236328125,35.90049743652344,-0.1554650068283081,-0.14286500215530396,-2.501797914505005,0.6167500019073486,0.15254199504852295,2.478365898132324
2225098700,75.1433334350586,35.90507507324219,-0.18432800471782684,-0.12148500233888626,-2.501797914505005,0.9625120162963867,0.742372989654541,2.515454053878784
2225108700,75.1324234008789,35.89591979980469,-0.18623700737953186,-0.11148200184106827,-2.501797914505005,0.6675969958305359,0.5126619935035706,2.2570290565490723
2225118700,75.11112213134766,35.90507507324219,-0.14110900461673737,-0.09903600066900253,-2.501797914505005,1.0127619504928589,0.8440679907798767,2.4897310733795166
2225128700,75.0964584350586,35.90049743652344,-0.11782000213861465,-0.14385800063610077,-2.501797914505005,0.29371801018714905,0.31286099553108215,2.557328939437866
2225138700,75.0835189819336,35.90507507324219,-0.252362996339798,-0.14912700653076172,-2.501797914505005,0.9696909785270691,0.6502490043640137,2.3521440029144287
2225148700,75.0734634399414,35.90049743652344,-0.14431600272655487,-0.10712999850511551,-2.501797914505005,1.0133600234985352,0.7292119860649109,2.4215359687805176
2225158700,75.06655883789062,35.90049743652344,-0.18012799322605133,-0.12767000496387482,-2.501797914505005,1.1958129405975342,0.23330000042915344,2.1631109714508057
2225168700,75.04730224609375,35.89591979980469,-0.12774699926376343,-0.1175910010933876,-2.501797914505005,0.859620988368988,0.5234289765357971,2.6255240440368652
2225178700,75.02660369873047,35.89591979980469,-0.1553879976272583,-0.13523000478744507,-2.501797914505005,0.8135589957237244,0.3876369893550873,2.2749760150909424
2225188700,75.01969909667969,35.89591979980469,-0.1130099967122078,-0.14385800063610077,-2.501797914505005,1.1772680282592773,0.7232300043106079,2.5250260829925537
2225198700,75.00299835205078,35.90507507324219,-0.10827499628067017,-0.12812800705432892,-2.501797914505005,1.0348949432373047,0.8560320138931274,2.4795620441436768
2225208700,74.98834991455078,35.90049743652344,-0.1258379966020584,-0.12285999953746796,-2.501797914505005,1.234097957611084,0.12023899704217911,2.5208380222320557
2225218700,74.97540283203125,35.90507507324219,-0.17203399538993835,-0.10476300120353699,-2.501797914505005,0.7501490116119385,0.5300099849700928,2.4753739833831787
2225228700,74.95989227294922,35.89591979980469,-0.1344660073518753,-0.13912400603294373,-2.501797914505005,0.9750750064849854,0.2853440046310425,2.2432708740234375
2225238700,74.94403839111328,35.90965270996094,-0.14202600717544556,-0.11377300322055817,-2.501797914505005,0.8925219774246216,0.7836490273475647,2.3174479007720947
2225248700,74.93228912353516,35.89591979980469,-0.13538199663162231,-0.11384899914264679,-2.501797914505005,0.6047850251197815,0.41575199365615845,2.182852029800415
2225258700,74.92394256591797,35.90049743652344,-0.12392900139093399,-0.1476760059595108,-2.501797914505005,0.9637089967727661,0.7399799823760986,2.441277027130127
2225268700,74.90638732910156,35.90507507324219,-0.08590199798345566,-0.12904499471187592,-2.501797914505005,0.7884349822998047,0.6664010286331177,2.5621140003204346
2225278700,74.89002990722656,35.89134216308594,-0.19104799628257751,-0.13912400603294373,-2.501797914505005,1.3932199478149414,0.41276100277900696,2.4071788787841797
2225288700,74.87393188476562,35.89134216308594,-0.1016319990158081,-0.10667199641466141,-2.501797914505005,0.8979060053825378,0.8560320138931274,2.3300108909606934
2225298700,74.86267852783203,35.90507507324219,-0.1563050001859665,-0.13958199322223663,-2.501797914505005,0.9936190247535706,0.8243269920349121,2.499901056289673
2225308700,74.84573364257812,35.90049743652344,-0.13347400724887848,-0.11476600170135498,-2.501797914505005,1.054636001586914,0.6927220225334167,2.1774680614471436
2225318700,74.83941650390625,35.89134216308594,-0.16248999536037445,-0.13003699481487274,-2.501797914505005,0.8931210041046143,0.781853973865509,2.224128007888794
2225328700,74.82501983642578,35.90049743652344,-0.1267540007829666,-0.11194100230932236,-2.501797914505005,1.2083749771118164,0.3278160095214844,2.220539093017578
2225338700,74.80831909179688,35.90965270996094,-0.08483300358057022,-0.05703900009393692,-2.501797914505005,0.7399799823760986,0.7058820128440857,2.1649060249328613
2225348700,74.79741668701172,35.90049743652344,-0.17203399538993835,-0.15195199847221375,-2.501797914505005,1.2400799989700317,0.6735789775848389,2.1613171100616455
2225358700,74.78131866455078,35.90049743652344,-0.16203099489212036,-0.07185199856758118,-2.501797914505005,0.5401790142059326,-0.1226319968700409,2.368295907974243
2225368700,74.76666259765625,35.89591979980469,-0.16012200713157654,-0.08567299693822861,-2.501797914505005,0.9128609895706177,0.7166500091552734,2.3497509956359863
2225378700,74.76061248779297,35.90049743652344,-0.11018399894237518,-0.07948800176382065,-2.501797914505005,1.0013959407806396,0.23090699315071106,2.430509090423584
2225388700,74.73990631103516,35.90049743652344,-0.08926200121641159,-0.08040499687194824,-2.501797914505005,1.0001989603042603,0.8458619713783264,2.371885061264038
2225398700,74.72611236572266,35.90049743652344,-0.14110900461673737,-0.12431100010871887,-2.501797914505005,1.0468590259552002,0.6071779727935791,2.175075054168701
2225408700,74.71086120605469,35.90507507324219,-0.04398199915885925,-0.09139999747276306,-2.501797914505005,1.374675989151001,1.3501499891281128,2.4311070442199707
2225418700,74.70081329345703,35.90049743652344,-0.11102399975061417,-0.06421700119972229,-2.501797914505005,1.0073779821395874,1.1874380111694336,2.457427978515625
2225428700,74.67949676513672,35.90965270996094,-0.1030070036649704,-0.06322400271892548,-2.501797914505005,1.038485050201416,0.29012900590896606,2.359323024749756
2225438700,74.67695617675781,35.89591979980469,-0.15256300568580627,-0.07185199856758118,-2.501797914505005,0.8703889846801758,0.8703889846801758,2.398803949356079
2225448700,74.66629791259766,35.90049743652344,-0.15347899496555328,-0.03840800002217293,-2.501797914505005,0.9206380248069763,0.7304090261459351,2.578266143798828
2225458700,74.65164947509766,35.89591979980469,-0.10354100167751312,-0.07566999644041061,-2.501797914505005,1.098902940750122,0.6705880165100098,2.5345969200134277
2225468700,74.6404037475586,35.90965270996094,-0.14011700451374054,-0.08277200162410736,-2.501797914505005,0.8410770297050476,0.8614159822463989,2.2839488983154297
2225478700,74.62345123291016,35.90507507324219,-0.14256000518798828,-0.09666900336742401,-2.501797914505005,1.1784650087356567,0.7968090176582336,2.510668992996216
2225488700,74.6156997680664,35.90049743652344,-0.13828399777412415,-0.08139699697494507,-2.501797914505005,0.6436690092086792,0.616150975227356,2.1804590225219727
2225498700,74.60420227050781,35.90049743652344,-0.09544699639081955,-0.08277200162410736,-2.501797914505005,1.01814603805542,0.8434690237045288,2.2157530784606934
2225508700,74.58809661865234,35.90049743652344,-0.17394299805164337,-0.06230799853801727,-2.501797914505005,1.174875020980835,0.6203389763832092,2.2707879543304443
2225518700,74.57743835449219,35.90507507324219,-0.1563050001859665,-0.07895399630069733,-2.501797914505005,0.6664010286331177,0.9463610053062439,2.426919937133789
2225528700,74.55818939208984,35.90049743652344,-0.1253799945116043,-0.06276600062847137,-2.501797914505005,1.1060819625854492,0.7573279738426208,2.471785068511963
2225538700,74.54524230957031,35.90507507324219,-0.2119700014591217,-0.07994599640369415,-2.501797914505005,0.8398799896240234,0.6412760019302368,2.420938014984131
2225548700,74.5420913696289,35.90049743652344,-0.20441000163555145,-0.10048700124025345,-2.501797914505005,1.0366899967193604,0.6861410140991211,2.3844470977783203
2225558700,74.52053833007812,35.89591979980469,-0.1339319944381714,-0.08468099683523178,-2.501797914505005,0.7022929787635803,0.4079760015010834,2.430509090423584
2225568700,74.50904083251953,35.89591979980469,-0.1673000007867813,-0.07612799853086472,-2.501797914505005,1.0217349529266357,0.6215350031852722,2.227118968963623
2225578700,74.48918914794922,35.90049743652344,-0.1225539967417717,-0.10231900215148926,-2.501797914505005,0.887736976146698,0.4827510118484497,2.2977070808410645
2225588700,74.47769165039062,35.90049743652344,-0.1344660073518753,-0.0961339995265007,-2.501797914505005,1.222133994102478,0.5216349959373474,2.531008005142212
2225598700,74.4661865234375,35.90049743652344,-0.19616299867630005,-0.07467799633741379,-2.501797914505005,0.811165988445282,0.5964109897613525,2.3491530418395996
2225608700,74.45552825927734,35.90507507324219,-0.16004599630832672,-0.09811999648809433,-2.501797914505005,1.3214359283447266,0.7651050090789795,2.633898973464966
2225618700,74.44487762451172,35.90965270996094,-0.19104799628257751,-0.10231900215148926,-2.501797914505005,0.8602190017700195,0.633499026298523,2.3006980419158936
2225628700,74.42163848876953,35.89591979980469,-0.1886799931526184,-0.06566700339317322,-2.501797914505005,1.033100962638855,0.22911199927330017,2.410170078277588
2225638700,74.41413116455078,35.90507507324219,-0.1691329926252365,-0.06757599860429764,-2.501797914505005,1.0013959407806396,0.15074700117111206,2.38564395904541
2225648700,74.39803314208984,35.90507507324219,-0.17295099794864655,-0.06895100325345993,-2.501797914505005,1.0163509845733643,0.09989999979734421,2.233699083328247
2225658700,74.38253021240234,35.89591979980469,-0.17440100014209747,-0.08277200162410736,-2.501797914505005,1.1527420282363892,0.6173480153083801,2.2971091270446777
2225668700,74.37418365478516,35.90049743652344,-0.1362989991903305,-0.06467500329017639,-2.501797914505005,0.9834499955177307,0.7627120018005371,2.1080760955810547
2225678700,74.35807800292969,35.90049743652344,-0.19807299971580505,-0.07994599640369415,-2.501797914505005,1.003190040588379,0.7549350261688232,1.9986050128936768
2225688700,74.34281921386719,35.90507507324219,-0.15531200170516968,-0.05994100123643875,-2.501797914505005,1.1216349601745605,0.5826519727706909,2.3694920539855957
2225698700,74.3336181640625,35.90507507324219,-0.13057200610637665,-0.06566700339317322,-2.501797914505005,0.9236289858818054,0.37208300828933716,2.426919937133789
2225708700,74.31582641601562,35.89591979980469,-0.20570799708366394,-0.06185000017285347,-2.501797914505005,1.210170030593872,0.43728798627853394,2.309072971343994
2225718700,74.3022689819336,35.90965270996094,-0.18196099996566772,-0.07895399630069733,-2.501797914505005,1.000797986984253,0.4289129972457886,1.9357929229736328
2225728700,74.28907012939453,35.90049743652344,-0.1690559983253479,-0.0737610012292862,-2.501797914505005,1.0594220161437988,0.6478559970855713,2.4233310222625732
2225738700,74.28072357177734,35.90507507324219,-0.1563050001859665,-0.08086299896240234,-2.501797914505005,1.1563310623168945,0.49411699175834656,2.4119648933410645
2225748700,74.26837158203125,35.90049743652344,-0.18532100319862366,-0.07757899910211563,-2.501797914505005,0.7256230115890503,0.47258201241493225,2.28275203704834
2225758700,74.24851989746094,35.90507507324219,-0.13018999993801117,-0.08613099902868271,-2.501797914505005,1.0277169942855835,0.5383849740028381,2.417349100112915
2225768700,74.24223327636719,35.89591979980469,-0.13774999976158142,-0.04795200005173683,-2.501797914505005,0.8464599847793579,0.14835500717163086,2.3838489055633545
2225778700,74.22612762451172,35.89591979980469,-0.15775500237941742,-0.0852150022983551,-2.501797914505005,1.0438679456710815,0.5826519727706909,2.069791078567505
2225788700,74.21317291259766,35.90049743652344,-0.11064200103282928,-0.05703900009393692,-2.501797914505005,0.9984049797058105,0.49531400203704834,2.3904290199279785
2225798700,74.2008285522461,35.89591979980469,-0.19715599715709686,-0.07666300237178802,-2.501797914505005,0.8315050005912781,0.714257001876831,2.254038095474243
2225808700,74.18641662597656,35.90507507324219,-0.17386700212955475,-0.0765869989991188,-2.501797914505005,0.8075770139694214,0.381056010723114,2.2606189250946045
2225818700,74.18327331542969,35.90049743652344,-0.18814599514007568,-0.07994599640369415,-2.501797914505005,1.051645040512085,0.256630003452301,2.3353939056396484
2225828700,74.17176818847656,35.90049743652344,-0.18860399723052979,-0.07330299913883209,-2.501797914505005,1.0097709894180298,0.4384840130805969,2.3186450004577637
2225838700,74.16027069091797,35.90049743652344,-0.14920300245285034,-0.051311999559402466,-2.501797914505005,0.9314060211181641,0.4851439893245697,2.378464937210083
2225848700,74.14417266845703,35.90049743652344,-0.15920600295066833,-0.10094500333070755,-2.501797914505005,0.9810569882392883,0.9290130138397217,2.248055934906006
2225858700,74.13037109375,35.90049743652344,-0.15439599752426147,-0.08666600286960602,-2.501797914505005,0.9086740016937256,0.4468590021133423,2.2719850540161133
2225868700,74.11427307128906,35.90049743652344,-0.12392900139093399,-0.07948800176382065,-2.501797914505005,1.0713859796524048,0.3792620003223419,2.059022903442383
2225878700,74.10108184814453,35.89134216308594,-0.10972599685192108,-0.13049499690532684,-2.501797914505005,1.1222330331802368,0.6448649764060974,2.2737789154052734
2225888700,74.09127044677734,35.90049743652344,-0.19715599715709686,-0.0956759974360466,-2.501797914505005,0.8781650066375732,0.7232300043106079,2.045862913131714
2225898700,74.08061218261719,35.90507507324219,-0.12957899272441864,-0.07330299913883209,-2.501797914505005,1.124027967453003,0.7621129751205444,2.447258949279785
2225908700,74.05738067626953,35.89134216308594,-0.17760899662971497,-0.09857799857854843,-2.501797914505005,1.0510469675064087,0.6436690092086792,2.124228000640869
2225918700,74.04756927490234,35.90049743652344,-0.17569899559020996,-0.07803799957036972,-2.501797914505005,0.9002990126609802,0.49471598863601685,1.990828037261963
2225928700,74.04296875,35.90049743652344,-0.20341800153255463,-0.07513599842786789,-2.501797914505005,1.1461620330810547,0.2847450077533722,2.014755964279175
2225938700,74.02687072753906,35.90049743652344,-0.16439799964427948,-0.08613099902868271,-2.501797914505005,1.0414760112762451,0.07597199827432632,2.179861068725586
2225948700,74.01138305664062,35.89134216308594,-0.15347899496555328,-0.08185499906539917,-2.501797914505005,1.161715030670166,0.7040879726409912,2.245664119720459
2225958700,73.9969711303711,35.90049743652344,-0.18058599531650543,-0.041767001152038574,-2.501797914505005,0.8099700212478638,0.21595199406147003,2.2564311027526855
2225968700,73.9854736328125,35.90049743652344,-0.1348479986190796,-0.09376700222492218,-2.501797914505005,0.9643070101737976,0.45463600754737854,2.23429799079895
2225978700,73.97940826416016,35.90507507324219,-0.1476760059595108,-0.060398999601602554,-2.501797914505005,0.7106680274009705,0.37746700644493103,2.172084093093872
2225988700,73.96560668945312,35.90507507324219,-0.15103599429130554,-0.08666600286960602,-2.501797914505005,0.8895310163497925,0.35653001070022583,1.88673996925354
2225998700,73.95181274414062,35.90507507324219,-0.11201699823141098,-0.07566999644041061,-2.501797914505005,1.0917249917984009,0.7328010201454163,2.248055934906006
2226008700,73.93717193603516,35.90049743652344,-0.13912400603294373,-0.06803499907255173,-2.501797914505005,0.8141570091247559,0.3661009967327118,2.1834499835968018
2226018700,73.92713165283203,35.89591979980469,-0.15004299581050873,-0.06948500126600266,-2.501797914505005,0.9427719712257385,0.3822529911994934,2.268394947052002
2226028700,73.913330078125,35.89591979980469,-0.14866900444030762,-0.08712399750947952,-2.501797914505005,0.888933002948761,0.4683949947357178,2.148155927658081
2226038700,73.89408874511719,35.89134216308594,-0.14966100454330444,-0.11239899694919586,-2.501797914505005,0.8081750273704529,0.05862399935722351,1.9459619522094727
2226048700,73.88803100585938,35.89591979980469,-0.16248999536037445,-0.06368199735879898,-2.501797914505005,0.8961120247840881,0.47198399901390076,2.3802599906921387
2226058700,73.87590789794922,35.90507507324219,-0.15920600295066833,-0.07712099701166153,-2.501797914505005,0.6699900031089783,0.263808012008667,2.117048978805542
2226068700,73.86273193359375,35.89591979980469,-0.12194299697875977,-0.1056789979338646,-2.501797914505005,0.602990984916687,0.03290100023150444,1.9489539861679077
